Meldedatum,Nordrhein-Westfalen,Saarland,Bayern,Niedersachsen,Berlin,Brandenburg,Baden-Württemberg,Hessen,Rheinland-Pfalz,Schleswig-Holstein,Hamburg,Bremen,Sachsen,Thüringen,Mecklenburg-Vorpommern,Sachsen-Anhalt,Deutschland
2020-01-02 00:00:00+00:00,1.0,0.0,0.0,0.0,0.0,0.0,0.0,0.0,0.0,0.0,0.0,0.0,0.0,0.0,0.0,0.0,1
2020-01-05 00:00:00+00:00,1.0,0.0,0.0,0.0,0.0,0.0,0.0,0.0,0.0,0.0,0.0,0.0,0.0,0.0,0.0,0.0,1
2020-01-23 00:00:00+00:00,0.0,1.0,0.0,0.0,0.0,0.0,0.0,0.0,0.0,0.0,0.0,0.0,0.0,0.0,0.0,0.0,1
2020-01-28 00:00:00+00:00,0.0,0.0,2.0,0.0,0.0,0.0,0.0,0.0,0.0,0.0,0.0,0.0,0.0,0.0,0.0,0.0,2
2020-01-29 00:00:00+00:00,0.0,0.0,2.0,0.0,0.0,0.0,0.0,0.0,0.0,0.0,0.0,0.0,0.0,0.0,0.0,0.0,2
2020-01-31 00:00:00+00:00,0.0,1.0,4.0,0.0,0.0,0.0,0.0,0.0,0.0,0.0,0.0,0.0,0.0,0.0,0.0,0.0,5
2020-02-01 00:00:00+00:00,0.0,0.0,1.0,0.0,0.0,0.0,0.0,0.0,0.0,0.0,0.0,0.0,0.0,0.0,0.0,0.0,1
2020-02-03 00:00:00+00:00,0.0,0.0,1.0,0.0,0.0,0.0,0.0,0.0,0.0,0.0,0.0,0.0,0.0,0.0,0.0,0.0,1
2020-02-04 00:00:00+00:00,0.0,0.0,3.0,1.0,0.0,0.0,0.0,0.0,0.0,0.0,0.0,0.0,0.0,0.0,0.0,0.0,4
2020-02-05 00:00:00+00:00,1.0,0.0,1.0,0.0,0.0,0.0,0.0,0.0,0.0,0.0,0.0,0.0,0.0,0.0,0.0,0.0,2
2020-02-06 00:00:00+00:00,0.0,0.0,1.0,0.0,0.0,0.0,0.0,0.0,0.0,0.0,0.0,0.0,0.0,0.0,0.0,0.0,1
2020-02-07 00:00:00+00:00,0.0,0.0,1.0,0.0,0.0,0.0,0.0,0.0,0.0,0.0,0.0,0.0,0.0,0.0,0.0,0.0,1
2020-02-10 00:00:00+00:00,0.0,0.0,1.0,0.0,0.0,0.0,0.0,0.0,0.0,0.0,0.0,0.0,0.0,0.0,0.0,0.0,1
2020-02-11 00:00:00+00:00,0.0,0.0,3.0,0.0,0.0,0.0,0.0,0.0,0.0,0.0,0.0,0.0,0.0,0.0,0.0,0.0,3
2020-02-12 00:00:00+00:00,0.0,0.0,0.0,0.0,1.0,0.0,0.0,0.0,0.0,0.0,0.0,0.0,0.0,0.0,0.0,0.0,1
2020-02-15 00:00:00+00:00,1.0,0.0,0.0,0.0,0.0,0.0,0.0,0.0,0.0,0.0,0.0,0.0,0.0,0.0,0.0,0.0,1
2020-02-17 00:00:00+00:00,0.0,0.0,0.0,0.0,0.0,1.0,0.0,0.0,0.0,0.0,0.0,0.0,0.0,0.0,0.0,0.0,1
2020-02-18 00:00:00+00:00,0.0,0.0,0.0,0.0,0.0,1.0,0.0,0.0,0.0,0.0,0.0,0.0,0.0,0.0,0.0,0.0,1
2020-02-20 00:00:00+00:00,1.0,0.0,1.0,0.0,0.0,0.0,0.0,0.0,0.0,0.0,0.0,0.0,0.0,0.0,0.0,0.0,2
2020-02-24 00:00:00+00:00,0.0,0.0,0.0,0.0,0.0,0.0,1.0,0.0,0.0,0.0,0.0,0.0,0.0,0.0,0.0,0.0,1
2020-02-25 00:00:00+00:00,0.0,0.0,0.0,0.0,0.0,1.0,2.0,0.0,0.0,0.0,0.0,0.0,0.0,0.0,0.0,0.0,3
2020-02-26 00:00:00+00:00,3.0,0.0,0.0,0.0,0.0,0.0,4.0,0.0,0.0,0.0,0.0,0.0,0.0,0.0,0.0,0.0,7
2020-02-27 00:00:00+00:00,18.0,1.0,1.0,0.0,0.0,0.0,4.0,0.0,0.0,0.0,0.0,0.0,0.0,0.0,0.0,0.0,24
2020-02-28 00:00:00+00:00,34.0,1.0,2.0,0.0,0.0,0.0,7.0,1.0,1.0,1.0,0.0,0.0,0.0,0.0,0.0,0.0,47
2020-02-29 00:00:00+00:00,15.0,0.0,2.0,0.0,1.0,0.0,2.0,0.0,1.0,1.0,1.0,0.0,0.0,0.0,0.0,0.0,23
2020-03-01 00:00:00+00:00,23.0,0.0,4.0,1.0,0.0,1.0,1.0,3.0,0.0,0.0,1.0,1.0,0.0,0.0,0.0,0.0,35
2020-03-02 00:00:00+00:00,15.0,0.0,7.0,2.0,0.0,0.0,9.0,4.0,0.0,2.0,0.0,1.0,1.0,1.0,0.0,0.0,42
2020-03-03 00:00:00+00:00,29.0,0.0,6.0,6.0,6.0,0.0,24.0,4.0,1.0,1.0,3.0,2.0,0.0,0.0,2.0,0.0,84
2020-03-04 00:00:00+00:00,93.0,0.0,10.0,4.0,3.0,0.0,38.0,2.0,4.0,0.0,1.0,0.0,0.0,0.0,2.0,0.0,157
2020-03-05 00:00:00+00:00,99.0,0.0,19.0,6.0,10.0,2.0,36.0,6.0,1.0,1.0,5.0,0.0,0.0,0.0,1.0,0.0,186
2020-03-06 00:00:00+00:00,62.0,0.0,51.0,7.0,5.0,0.0,52.0,1.0,2.0,2.0,3.0,0.0,2.0,0.0,0.0,0.0,187
2020-03-07 00:00:00+00:00,68.0,0.0,20.0,8.0,1.0,0.0,32.0,4.0,2.0,0.0,4.0,0.0,2.0,1.0,0.0,0.0,142
2020-03-08 00:00:00+00:00,29.0,1.0,20.0,4.0,11.0,4.0,18.0,0.0,3.0,1.0,5.0,0.0,5.0,0.0,2.0,0.0,103
2020-03-09 00:00:00+00:00,97.0,5.0,87.0,14.0,21.0,4.0,51.0,20.0,6.0,3.0,21.0,7.0,5.0,0.0,4.0,0.0,345
2020-03-10 00:00:00+00:00,174.0,2.0,111.0,34.0,33.0,9.0,115.0,16.0,17.0,7.0,29.0,10.0,22.0,9.0,1.0,6.0,595
2020-03-11 00:00:00+00:00,200.0,10.0,121.0,62.0,41.0,8.0,147.0,37.0,30.0,19.0,30.0,11.0,17.0,1.0,8.0,14.0,756
2020-03-12 00:00:00+00:00,288.0,13.0,135.0,68.0,47.0,25.0,189.0,38.0,64.0,18.0,41.0,6.0,27.0,11.0,9.0,13.0,992
2020-03-13 00:00:00+00:00,428.0,17.0,254.0,91.0,59.0,20.0,314.0,79.0,58.0,27.0,38.0,9.0,37.0,10.0,9.0,11.0,1461
2020-03-14 00:00:00+00:00,324.0,12.0,229.0,77.0,29.0,12.0,324.0,83.0,51.0,24.0,79.0,3.0,34.0,18.0,1.0,2.0,1302
2020-03-15 00:00:00+00:00,244.0,17.0,169.0,68.0,26.0,20.0,183.0,24.0,95.0,21.0,78.0,3.0,30.0,1.0,1.0,0.0,980
2020-03-16 00:00:00+00:00,606.0,24.0,270.0,157.0,63.0,20.0,428.0,127.0,125.0,29.0,80.0,1.0,42.0,18.0,14.0,33.0,2037
2020-03-17 00:00:00+00:00,903.0,23.0,472.0,176.0,92.0,63.0,593.0,167.0,168.0,46.0,133.0,12.0,87.0,31.0,31.0,28.0,3025
2020-03-18 00:00:00+00:00,710.0,42.0,754.0,271.0,145.0,45.0,800.0,225.0,157.0,53.0,135.0,10.0,134.0,37.0,44.0,38.0,3600
2020-03-19 00:00:00+00:00,1143.0,44.0,820.0,249.0,180.0,57.0,656.0,203.0,135.0,60.0,185.0,40.0,155.0,54.0,34.0,43.0,4058
2020-03-20 00:00:00+00:00,880.0,37.0,867.0,265.0,169.0,62.0,844.0,210.0,180.0,78.0,146.0,24.0,143.0,77.0,16.0,51.0,4049
2020-03-21 00:00:00+00:00,697.0,38.0,1109.0,179.0,127.0,24.0,566.0,134.0,115.0,45.0,106.0,22.0,129.0,37.0,11.0,17.0,3356
2020-03-22 00:00:00+00:00,436.0,46.0,561.0,108.0,68.0,20.0,545.0,58.0,142.0,33.0,149.0,4.0,52.0,27.0,1.0,14.0,2264
2020-03-23 00:00:00+00:00,876.0,59.0,722.0,243.0,159.0,52.0,652.0,275.0,196.0,94.0,132.0,12.0,125.0,52.0,13.0,66.0,3728
2020-03-24 00:00:00+00:00,798.0,33.0,1216.0,294.0,199.0,56.0,1187.0,234.0,205.0,100.0,206.0,19.0,160.0,72.0,37.0,62.0,4878
2020-03-25 00:00:00+00:00,1038.0,49.0,1678.0,377.0,244.0,96.0,1186.0,248.0,170.0,86.0,162.0,11.0,182.0,79.0,24.0,50.0,5680
2020-03-26 00:00:00+00:00,1041.0,69.0,1702.0,371.0,286.0,73.0,1218.0,301.0,215.0,96.0,171.0,31.0,170.0,74.0,24.0,58.0,5900
2020-03-27 00:00:00+00:00,1095.0,63.0,1645.0,411.0,206.0,79.0,1240.0,308.0,270.0,117.0,142.0,20.0,188.0,73.0,42.0,78.0,5977
2020-03-28 00:00:00+00:00,752.0,65.0,1414.0,346.0,200.0,44.0,1005.0,186.0,165.0,82.0,145.0,25.0,163.0,68.0,21.0,42.0,4723
2020-03-29 00:00:00+00:00,631.0,77.0,860.0,178.0,86.0,27.0,655.0,140.0,141.0,43.0,115.0,1.0,71.0,20.0,11.0,19.0,3075
2020-03-30 00:00:00+00:00,763.0,66.0,1040.0,311.0,168.0,94.0,932.0,182.0,143.0,78.0,71.0,8.0,141.0,35.0,13.0,72.0,4117
2020-03-31 00:00:00+00:00,1060.0,131.0,1842.0,358.0,213.0,129.0,1226.0,254.0,200.0,104.0,159.0,17.0,182.0,79.0,50.0,56.0,6060
2020-04-01 00:00:00+00:00,1158.0,109.0,1988.0,368.0,187.0,69.0,1238.0,329.0,252.0,102.0,139.0,16.0,185.0,57.0,23.0,36.0,6256
2020-04-02 00:00:00+00:00,1203.0,170.0,1946.0,332.0,237.0,116.0,1417.0,267.0,188.0,112.0,165.0,11.0,225.0,83.0,29.0,46.0,6547
2020-04-03 00:00:00+00:00,1066.0,70.0,1857.0,388.0,238.0,137.0,1270.0,250.0,214.0,112.0,158.0,33.0,252.0,70.0,31.0,44.0,6190
2020-04-04 00:00:00+00:00,690.0,137.0,1490.0,223.0,107.0,40.0,860.0,223.0,140.0,69.0,109.0,15.0,141.0,49.0,15.0,34.0,4342
2020-04-05 00:00:00+00:00,495.0,86.0,718.0,142.0,78.0,26.0,496.0,91.0,105.0,36.0,108.0,3.0,70.0,40.0,2.0,39.0,2535
2020-04-06 00:00:00+00:00,868.0,75.0,1126.0,230.0,142.0,75.0,563.0,139.0,138.0,60.0,93.0,5.0,83.0,28.0,5.0,26.0,3656
2020-04-07 00:00:00+00:00,914.0,75.0,1527.0,372.0,202.0,107.0,902.0,255.0,180.0,112.0,209.0,36.0,142.0,71.0,35.0,45.0,5184
2020-04-08 00:00:00+00:00,1042.0,153.0,1541.0,334.0,177.0,124.0,933.0,306.0,171.0,90.0,117.0,6.0,159.0,66.0,8.0,48.0,5275
2020-04-09 00:00:00+00:00,1011.0,133.0,1266.0,313.0,177.0,114.0,997.0,291.0,155.0,92.0,113.0,18.0,101.0,68.0,15.0,39.0,4903
2020-04-10 00:00:00+00:00,623.0,91.0,943.0,260.0,83.0,75.0,665.0,154.0,131.0,34.0,96.0,9.0,130.0,26.0,11.0,25.0,3356
2020-04-11 00:00:00+00:00,581.0,20.0,763.0,128.0,87.0,50.0,751.0,150.0,77.0,40.0,78.0,13.0,80.0,27.0,13.0,28.0,2886
2020-04-12 00:00:00+00:00,383.0,22.0,421.0,150.0,54.0,44.0,426.0,98.0,65.0,16.0,46.0,4.0,88.0,32.0,3.0,13.0,1865
2020-04-13 00:00:00+00:00,296.0,27.0,463.0,80.0,58.0,12.0,290.0,77.0,73.0,98.0,41.0,6.0,40.0,21.0,4.0,11.0,1597
2020-04-14 00:00:00+00:00,509.0,27.0,752.0,166.0,73.0,59.0,372.0,160.0,100.0,18.0,77.0,7.0,73.0,45.0,2.0,24.0,2464
2020-04-15 00:00:00+00:00,666.0,48.0,962.0,226.0,113.0,70.0,622.0,227.0,118.0,42.0,84.0,15.0,58.0,41.0,11.0,21.0,3324
2020-04-16 00:00:00+00:00,735.0,48.0,864.0,242.0,94.0,63.0,660.0,208.0,116.0,51.0,73.0,45.0,103.0,81.0,9.0,25.0,3417
2020-04-17 00:00:00+00:00,635.0,31.0,777.0,197.0,118.0,112.0,554.0,190.0,129.0,40.0,106.0,12.0,45.0,35.0,4.0,61.0,3046
2020-04-18 00:00:00+00:00,467.0,27.0,520.0,143.0,81.0,61.0,387.0,130.0,87.0,25.0,39.0,17.0,47.0,47.0,6.0,23.0,2107
2020-04-19 00:00:00+00:00,338.0,2.0,384.0,96.0,32.0,29.0,297.0,74.0,26.0,9.0,22.0,12.0,23.0,16.0,0.0,15.0,1375
2020-04-20 00:00:00+00:00,541.0,16.0,373.0,131.0,45.0,57.0,277.0,80.0,36.0,28.0,33.0,7.0,33.0,37.0,2.0,13.0,1709
2020-04-21 00:00:00+00:00,457.0,36.0,502.0,162.0,76.0,63.0,392.0,169.0,61.0,38.0,57.0,16.0,49.0,75.0,2.0,29.0,2184
2020-04-22 00:00:00+00:00,474.0,45.0,594.0,160.0,81.0,51.0,502.0,177.0,85.0,35.0,50.0,108.0,50.0,56.0,4.0,16.0,2488
2020-04-23 00:00:00+00:00,390.0,20.0,571.0,140.0,88.0,41.0,423.0,125.0,55.0,41.0,49.0,17.0,34.0,66.0,0.0,29.0,2089
2020-04-24 00:00:00+00:00,335.0,22.0,528.0,118.0,73.0,85.0,361.0,103.0,62.0,39.0,41.0,17.0,45.0,46.0,6.0,23.0,1904
2020-04-25 00:00:00+00:00,220.0,14.0,310.0,66.0,52.0,23.0,319.0,89.0,30.0,16.0,44.0,15.0,22.0,25.0,7.0,19.0,1271
2020-04-26 00:00:00+00:00,152.0,17.0,186.0,49.0,22.0,7.0,134.0,24.0,30.0,6.0,17.0,14.0,20.0,21.0,0.0,5.0,704
2020-04-27 00:00:00+00:00,225.0,5.0,337.0,75.0,56.0,39.0,174.0,68.0,42.0,13.0,21.0,7.0,21.0,28.0,1.0,6.0,1118
2020-04-28 00:00:00+00:00,265.0,7.0,362.0,101.0,75.0,66.0,186.0,140.0,31.0,22.0,25.0,43.0,35.0,77.0,13.0,13.0,1461
2020-04-29 00:00:00+00:00,248.0,27.0,303.0,85.0,67.0,37.0,276.0,121.0,61.0,18.0,43.0,42.0,40.0,43.0,4.0,16.0,1431
2020-04-30 00:00:00+00:00,384.0,23.0,291.0,84.0,57.0,34.0,262.0,103.0,46.0,19.0,25.0,22.0,34.0,60.0,4.0,12.0,1460
2020-05-01 00:00:00+00:00,232.0,12.0,221.0,39.0,25.0,33.0,154.0,79.0,39.0,13.0,9.0,12.0,22.0,14.0,4.0,11.0,919
2020-05-02 00:00:00+00:00,146.0,6.0,138.0,36.0,31.0,15.0,111.0,40.0,20.0,11.0,13.0,3.0,22.0,21.0,2.0,5.0,620
2020-05-03 00:00:00+00:00,120.0,4.0,91.0,14.0,31.0,6.0,49.0,26.0,0.0,49.0,3.0,17.0,10.0,1.0,0.0,4.0,425
2020-05-04 00:00:00+00:00,172.0,5.0,165.0,93.0,51.0,20.0,79.0,28.0,28.0,15.0,9.0,17.0,7.0,30.0,4.0,5.0,728
2020-05-05 00:00:00+00:00,241.0,6.0,211.0,80.0,53.0,43.0,126.0,89.0,32.0,49.0,21.0,10.0,61.0,41.0,7.0,19.0,1089
2020-05-06 00:00:00+00:00,319.0,9.0,265.0,94.0,58.0,26.0,128.0,105.0,30.0,16.0,22.0,54.0,36.0,45.0,3.0,10.0,1220
2020-05-07 00:00:00+00:00,320.0,11.0,232.0,88.0,58.0,11.0,177.0,83.0,37.0,34.0,17.0,29.0,34.0,48.0,6.0,12.0,1197
2020-05-08 00:00:00+00:00,213.0,5.0,209.0,75.0,4.0,16.0,204.0,86.0,24.0,22.0,12.0,28.0,46.0,26.0,0.0,8.0,978
2020-05-09 00:00:00+00:00,190.0,4.0,123.0,29.0,17.0,5.0,128.0,47.0,28.0,20.0,10.0,15.0,23.0,31.0,4.0,4.0,678
2020-05-10 00:00:00+00:00,103.0,0.0,78.0,10.0,8.0,3.0,53.0,15.0,15.0,20.0,3.0,12.0,8.0,8.0,3.0,2.0,341
2020-05-11 00:00:00+00:00,206.0,2.0,187.0,48.0,17.0,9.0,96.0,32.0,19.0,5.0,4.0,3.0,21.0,31.0,3.0,2.0,685
2020-05-12 00:00:00+00:00,234.0,7.0,212.0,50.0,37.0,6.0,102.0,82.0,21.0,16.0,2.0,20.0,25.0,28.0,4.0,7.0,853
2020-05-13 00:00:00+00:00,213.0,8.0,188.0,79.0,58.0,10.0,127.0,70.0,39.0,12.0,11.0,29.0,36.0,16.0,4.0,9.0,909
2020-05-14 00:00:00+00:00,198.0,9.0,208.0,40.0,45.0,16.0,100.0,46.0,30.0,5.0,9.0,23.0,38.0,26.0,5.0,10.0,808
2020-05-15 00:00:00+00:00,232.0,4.0,135.0,41.0,17.0,7.0,104.0,69.0,34.0,7.0,12.0,21.0,21.0,21.0,2.0,1.0,728
2020-05-16 00:00:00+00:00,139.0,2.0,101.0,22.0,16.0,14.0,52.0,35.0,10.0,2.0,6.0,19.0,15.0,24.0,1.0,3.0,461
2020-05-17 00:00:00+00:00,90.0,0.0,58.0,9.0,8.0,1.0,32.0,74.0,17.0,1.0,1.0,10.0,3.0,9.0,1.0,2.0,316
2020-05-18 00:00:00+00:00,181.0,3.0,88.0,69.0,33.0,8.0,40.0,61.0,19.0,0.0,1.0,11.0,18.0,11.0,0.0,0.0,543
2020-05-19 00:00:00+00:00,193.0,4.0,108.0,63.0,45.0,4.0,104.0,74.0,22.0,14.0,3.0,19.0,32.0,34.0,2.0,8.0,729
2020-05-20 00:00:00+00:00,158.0,2.0,195.0,94.0,45.0,14.0,88.0,102.0,30.0,9.0,13.0,18.0,30.0,21.0,8.0,3.0,830
2020-05-21 00:00:00+00:00,107.0,3.0,93.0,50.0,10.0,3.0,42.0,30.0,6.0,23.0,2.0,16.0,11.0,20.0,0.0,3.0,419
2020-05-22 00:00:00+00:00,96.0,3.0,117.0,95.0,35.0,5.0,63.0,49.0,12.0,18.0,3.0,4.0,6.0,18.0,0.0,1.0,525
2020-05-23 00:00:00+00:00,73.0,4.0,78.0,37.0,8.0,5.0,49.0,51.0,7.0,0.0,3.0,3.0,5.0,14.0,0.0,0.0,337
2020-05-24 00:00:00+00:00,56.0,1.0,87.0,9.0,3.0,1.0,17.0,14.0,1.0,0.0,0.0,13.0,5.0,11.0,0.0,0.0,218
2020-05-25 00:00:00+00:00,134.0,3.0,88.0,46.0,22.0,7.0,35.0,30.0,11.0,0.0,1.0,2.0,9.0,18.0,1.0,5.0,412
2020-05-26 00:00:00+00:00,146.0,4.0,134.0,60.0,22.0,6.0,58.0,76.0,40.0,7.0,3.0,10.0,15.0,36.0,0.0,1.0,618
2020-05-27 00:00:00+00:00,139.0,4.0,115.0,123.0,42.0,6.0,81.0,46.0,21.0,0.0,1.0,26.0,19.0,24.0,0.0,2.0,649
2020-05-28 00:00:00+00:00,118.0,4.0,87.0,77.0,24.0,6.0,65.0,58.0,8.0,6.0,0.0,26.0,13.0,36.0,1.0,1.0,530
2020-05-29 00:00:00+00:00,97.0,5.0,77.0,64.0,29.0,3.0,39.0,38.0,18.0,14.0,5.0,29.0,10.0,15.0,1.0,1.0,445
2020-05-30 00:00:00+00:00,84.0,1.0,83.0,59.0,23.0,5.0,24.0,34.0,11.0,4.0,1.0,24.0,5.0,13.0,0.0,3.0,374
2020-05-31 00:00:00+00:00,44.0,1.0,37.0,23.0,27.0,1.0,11.0,10.0,0.0,3.0,6.0,8.0,0.0,7.0,0.0,0.0,178
2020-06-01 00:00:00+00:00,43.0,7.0,20.0,42.0,2.0,0.0,7.0,2.0,3.0,5.0,2.0,1.0,0.0,2.0,0.0,1.0,137
2020-06-02 00:00:00+00:00,91.0,2.0,38.0,56.0,42.0,4.0,17.0,26.0,7.0,1.0,2.0,11.0,2.0,4.0,0.0,3.0,306
2020-06-03 00:00:00+00:00,118.0,3.0,54.0,121.0,55.0,5.0,31.0,35.0,15.0,0.0,10.0,18.0,9.0,20.0,2.0,0.0,496
2020-06-04 00:00:00+00:00,135.0,1.0,83.0,100.0,32.0,3.0,47.0,29.0,28.0,0.0,6.0,34.0,6.0,16.0,1.0,6.0,527
2020-06-05 00:00:00+00:00,114.0,4.0,56.0,93.0,35.0,3.0,34.0,24.0,22.0,2.0,5.0,15.0,5.0,20.0,3.0,2.0,437
2020-06-06 00:00:00+00:00,95.0,5.0,23.0,60.0,16.0,1.0,31.0,19.0,8.0,2.0,1.0,5.0,6.0,6.0,7.0,0.0,285
2020-06-07 00:00:00+00:00,41.0,1.0,37.0,32.0,8.0,0.0,12.0,8.0,1.0,1.0,1.0,15.0,0.0,6.0,0.0,1.0,164
2020-06-08 00:00:00+00:00,82.0,9.0,41.0,55.0,29.0,2.0,12.0,36.0,15.0,2.0,3.0,1.0,3.0,6.0,0.0,0.0,296
2020-06-09 00:00:00+00:00,122.0,7.0,45.0,76.0,57.0,6.0,32.0,17.0,16.0,1.0,2.0,15.0,7.0,12.0,3.0,8.0,426
2020-06-10 00:00:00+00:00,144.0,5.0,75.0,64.0,77.0,5.0,51.0,37.0,7.0,3.0,4.0,17.0,3.0,22.0,1.0,3.0,518
2020-06-11 00:00:00+00:00,71.0,0.0,35.0,50.0,52.0,5.0,15.0,9.0,1.0,3.0,7.0,8.0,1.0,19.0,2.0,3.0,281
2020-06-12 00:00:00+00:00,85.0,1.0,33.0,75.0,42.0,8.0,32.0,25.0,11.0,1.0,4.0,8.0,4.0,8.0,2.0,13.0,352
2020-06-13 00:00:00+00:00,110.0,1.0,22.0,30.0,68.0,5.0,10.0,19.0,1.0,0.0,3.0,8.0,0.0,11.0,0.0,11.0,299
2020-06-14 00:00:00+00:00,76.0,0.0,18.0,13.0,12.0,1.0,20.0,6.0,3.0,0.0,1.0,3.0,1.0,5.0,1.0,12.0,172
2020-06-15 00:00:00+00:00,97.0,0.0,34.0,37.0,31.0,11.0,17.0,8.0,9.0,2.0,1.0,1.0,1.0,2.0,2.0,6.0,259
2020-06-16 00:00:00+00:00,179.0,1.0,43.0,59.0,76.0,12.0,40.0,40.0,12.0,1.0,3.0,14.0,10.0,15.0,2.0,12.0,519
2020-06-17 00:00:00+00:00,489.0,2.0,43.0,56.0,85.0,7.0,25.0,57.0,17.0,0.0,7.0,12.0,33.0,6.0,5.0,20.0,864
2020-06-18 00:00:00+00:00,351.0,2.0,46.0,85.0,128.0,12.0,25.0,48.0,13.0,9.0,8.0,7.0,14.0,5.0,0.0,10.0,763
2020-06-19 00:00:00+00:00,559.0,1.0,42.0,77.0,136.0,17.0,35.0,58.0,11.0,2.0,4.0,10.0,10.0,6.0,1.0,21.0,990
2020-06-20 00:00:00+00:00,347.0,1.0,32.0,43.0,35.0,14.0,36.0,20.0,10.0,1.0,4.0,8.0,6.0,8.0,0.0,3.0,568
2020-06-21 00:00:00+00:00,121.0,0.0,28.0,12.0,20.0,0.0,11.0,7.0,1.0,2.0,4.0,3.0,5.0,0.0,0.0,8.0,222
2020-06-22 00:00:00+00:00,244.0,1.0,41.0,16.0,63.0,4.0,24.0,20.0,5.0,0.0,3.0,6.0,6.0,5.0,0.0,6.0,444
2020-06-23 00:00:00+00:00,223.0,0.0,48.0,71.0,71.0,15.0,37.0,38.0,17.0,1.0,10.0,0.0,9.0,2.0,1.0,2.0,545
2020-06-24 00:00:00+00:00,240.0,1.0,56.0,34.0,58.0,10.0,44.0,27.0,7.0,4.0,12.0,2.0,1.0,3.0,3.0,4.0,506
2020-06-25 00:00:00+00:00,279.0,1.0,59.0,41.0,62.0,4.0,46.0,39.0,13.0,6.0,4.0,3.0,5.0,4.0,1.0,2.0,569
2020-06-26 00:00:00+00:00,256.0,2.0,87.0,39.0,42.0,6.0,74.0,29.0,16.0,1.0,10.0,1.0,0.0,5.0,2.0,4.0,574
2020-06-27 00:00:00+00:00,157.0,1.0,43.0,29.0,17.0,1.0,35.0,19.0,10.0,3.0,2.0,2.0,1.0,0.0,2.0,2.0,324
2020-06-28 00:00:00+00:00,119.0,1.0,31.0,14.0,2.0,2.0,11.0,2.0,7.0,1.0,7.0,0.0,2.0,0.0,0.0,2.0,201
2020-06-29 00:00:00+00:00,202.0,0.0,62.0,32.0,53.0,5.0,15.0,20.0,15.0,3.0,1.0,1.0,3.0,2.0,1.0,0.0,415
2020-06-30 00:00:00+00:00,174.0,0.0,86.0,26.0,35.0,4.0,48.0,30.0,27.0,6.0,3.0,5.0,4.0,5.0,1.0,3.0,457
2020-07-01 00:00:00+00:00,174.0,1.0,63.0,34.0,46.0,9.0,48.0,50.0,29.0,12.0,9.0,4.0,1.0,1.0,0.0,1.0,482
2020-07-02 00:00:00+00:00,203.0,1.0,69.0,33.0,57.0,8.0,32.0,30.0,7.0,5.0,4.0,4.0,4.0,10.0,1.0,4.0,472
2020-07-03 00:00:00+00:00,170.0,0.0,83.0,32.0,41.0,10.0,41.0,31.0,8.0,4.0,2.0,0.0,2.0,0.0,0.0,3.0,427
2020-07-04 00:00:00+00:00,121.0,1.0,69.0,6.0,31.0,6.0,24.0,17.0,8.0,3.0,1.0,3.0,0.0,2.0,0.0,1.0,293
2020-07-05 00:00:00+00:00,59.0,0.0,28.0,17.0,2.0,0.0,5.0,10.0,1.0,5.0,3.0,1.0,0.0,2.0,0.0,10.0,143
2020-07-06 00:00:00+00:00,87.0,0.0,84.0,27.0,33.0,5.0,37.0,27.0,8.0,0.0,3.0,0.0,4.0,5.0,0.0,3.0,323
2020-07-07 00:00:00+00:00,149.0,2.0,92.0,15.0,37.0,2.0,36.0,29.0,7.0,4.0,4.0,2.0,3.0,7.0,0.0,3.0,392
2020-07-08 00:00:00+00:00,181.0,1.0,71.0,19.0,47.0,0.0,45.0,52.0,12.0,7.0,3.0,3.0,3.0,3.0,0.0,3.0,450
2020-07-09 00:00:00+00:00,154.0,3.0,88.0,14.0,33.0,5.0,52.0,39.0,18.0,3.0,2.0,4.0,3.0,2.0,0.0,4.0,424
2020-07-10 00:00:00+00:00,171.0,4.0,90.0,11.0,34.0,3.0,38.0,42.0,17.0,1.0,2.0,1.0,2.0,1.0,0.0,8.0,425
2020-07-11 00:00:00+00:00,121.0,2.0,61.0,3.0,4.0,4.0,24.0,28.0,22.0,0.0,0.0,0.0,2.0,3.0,0.0,2.0,276
2020-07-12 00:00:00+00:00,62.0,1.0,18.0,2.0,1.0,1.0,16.0,3.0,15.0,8.0,0.0,1.0,0.0,1.0,0.0,2.0,131
2020-07-13 00:00:00+00:00,92.0,2.0,61.0,21.0,27.0,2.0,47.0,31.0,29.0,10.0,1.0,1.0,2.0,3.0,0.0,0.0,329
2020-07-14 00:00:00+00:00,157.0,2.0,86.0,30.0,25.0,6.0,67.0,40.0,23.0,8.0,2.0,0.0,5.0,7.0,0.0,10.0,468
2020-07-15 00:00:00+00:00,221.0,2.0,107.0,30.0,24.0,5.0,48.0,48.0,22.0,8.0,1.0,6.0,3.0,9.0,1.0,6.0,541
2020-07-16 00:00:00+00:00,257.0,4.0,98.0,26.0,16.0,2.0,60.0,40.0,29.0,2.0,6.0,4.0,3.0,5.0,0.0,3.0,555
2020-07-17 00:00:00+00:00,198.0,4.0,80.0,40.0,20.0,5.0,83.0,39.0,12.0,14.0,4.0,8.0,4.0,3.0,2.0,9.0,525
2020-07-18 00:00:00+00:00,156.0,2.0,50.0,77.0,19.0,7.0,60.0,34.0,14.0,4.0,1.0,9.0,0.0,1.0,1.0,8.0,443
2020-07-19 00:00:00+00:00,58.0,0.0,43.0,12.0,0.0,0.0,28.0,9.0,13.0,7.0,2.0,2.0,1.0,1.0,2.0,1.0,179
2020-07-20 00:00:00+00:00,158.0,1.0,78.0,20.0,30.0,28.0,62.0,26.0,21.0,9.0,5.0,1.0,11.0,2.0,0.0,2.0,454
2020-07-21 00:00:00+00:00,186.0,5.0,85.0,65.0,33.0,14.0,54.0,27.0,16.0,6.0,9.0,4.0,5.0,1.0,2.0,11.0,523
2020-07-22 00:00:00+00:00,265.0,5.0,79.0,56.0,27.0,11.0,104.0,71.0,25.0,17.0,24.0,2.0,2.0,1.0,4.0,6.0,699
2020-07-23 00:00:00+00:00,297.0,2.0,99.0,29.0,47.0,5.0,88.0,57.0,10.0,8.0,12.0,6.0,7.0,12.0,11.0,4.0,694
2020-07-24 00:00:00+00:00,310.0,9.0,134.0,23.0,61.0,2.0,110.0,71.0,16.0,12.0,23.0,9.0,4.0,2.0,18.0,6.0,810
2020-07-25 00:00:00+00:00,196.0,2.0,154.0,33.0,18.0,1.0,51.0,34.0,16.0,7.0,15.0,5.0,1.0,6.0,0.0,3.0,542
2020-07-26 00:00:00+00:00,59.0,0.0,85.0,21.0,3.0,2.0,18.0,5.0,1.0,7.0,4.0,0.0,1.0,1.0,0.0,4.0,211
2020-07-27 00:00:00+00:00,168.0,2.0,75.0,27.0,41.0,4.0,79.0,59.0,17.0,23.0,6.0,5.0,9.0,4.0,5.0,3.0,527
2020-07-28 00:00:00+00:00,286.0,7.0,102.0,63.0,64.0,9.0,69.0,64.0,25.0,26.0,15.0,6.0,3.0,6.0,3.0,8.0,756
2020-07-29 00:00:00+00:00,364.0,6.0,120.0,51.0,67.0,1.0,102.0,84.0,21.0,31.0,30.0,5.0,7.0,3.0,10.0,9.0,911
2020-07-30 00:00:00+00:00,352.0,8.0,100.0,61.0,49.0,10.0,98.0,81.0,25.0,26.0,21.0,11.0,3.0,6.0,4.0,7.0,862
2020-07-31 00:00:00+00:00,355.0,3.0,145.0,60.0,76.0,4.0,103.0,84.0,12.0,24.0,19.0,7.0,5.0,6.0,3.0,8.0,914
2020-08-01 00:00:00+00:00,223.0,5.0,72.0,62.0,34.0,2.0,44.0,50.0,15.0,16.0,17.0,1.0,3.0,3.0,11.0,3.0,561
2020-08-02 00:00:00+00:00,155.0,2.0,70.0,15.0,0.0,3.0,11.0,21.0,6.0,7.0,6.0,0.0,2.0,1.0,4.0,2.0,305
2020-08-03 00:00:00+00:00,294.0,0.0,125.0,65.0,47.0,5.0,55.0,69.0,44.0,17.0,43.0,4.0,13.0,10.0,4.0,2.0,797
2020-08-04 00:00:00+00:00,377.0,5.0,170.0,61.0,57.0,13.0,65.0,74.0,29.0,23.0,36.0,4.0,14.0,5.0,9.0,7.0,949
2020-08-05 00:00:00+00:00,451.0,12.0,117.0,77.0,67.0,8.0,90.0,116.0,55.0,17.0,58.0,2.0,14.0,10.0,14.0,3.0,1111
2020-08-06 00:00:00+00:00,432.0,8.0,133.0,83.0,83.0,17.0,79.0,121.0,31.0,37.0,60.0,6.0,42.0,14.0,15.0,8.0,1169
2020-08-07 00:00:00+00:00,359.0,7.0,80.0,92.0,103.0,19.0,82.0,123.0,59.0,10.0,34.0,2.0,9.0,10.0,10.0,7.0,1006
2020-08-08 00:00:00+00:00,335.0,5.0,47.0,40.0,19.0,5.0,58.0,76.0,54.0,9.0,34.0,3.0,13.0,2.0,4.0,6.0,710
2020-08-09 00:00:00+00:00,181.0,1.0,33.0,16.0,6.0,1.0,24.0,18.0,13.0,8.0,14.0,1.0,2.0,1.0,0.0,2.0,321
2020-08-10 00:00:00+00:00,353.0,14.0,183.0,93.0,94.0,7.0,81.0,101.0,56.0,35.0,34.0,8.0,17.0,13.0,6.0,9.0,1104
2020-08-11 00:00:00+00:00,432.0,9.0,179.0,63.0,103.0,8.0,120.0,98.0,44.0,52.0,29.0,7.0,18.0,14.0,5.0,12.0,1193
2020-08-12 00:00:00+00:00,557.0,8.0,202.0,108.0,144.0,20.0,153.0,156.0,54.0,38.0,48.0,3.0,19.0,19.0,3.0,10.0,1542
2020-08-13 00:00:00+00:00,538.0,15.0,240.0,92.0,89.0,10.0,148.0,185.0,79.0,22.0,26.0,6.0,17.0,11.0,5.0,8.0,1491
2020-08-14 00:00:00+00:00,497.0,18.0,216.0,78.0,75.0,8.0,154.0,149.0,60.0,33.0,34.0,7.0,14.0,11.0,11.0,11.0,1376
2020-08-15 00:00:00+00:00,328.0,7.0,88.0,58.0,33.0,5.0,94.0,61.0,35.0,19.0,10.0,6.0,2.0,1.0,1.0,8.0,756
2020-08-16 00:00:00+00:00,172.0,3.0,163.0,17.0,3.0,5.0,31.0,48.0,32.0,2.0,8.0,4.0,2.0,2.0,1.0,1.0,494
2020-08-17 00:00:00+00:00,382.0,7.0,369.0,104.0,99.0,17.0,220.0,187.0,99.0,15.0,17.0,6.0,12.0,5.0,5.0,4.0,1548
2020-08-18 00:00:00+00:00,368.0,9.0,311.0,157.0,75.0,18.0,275.0,140.0,71.0,18.0,32.0,14.0,18.0,13.0,2.0,12.0,1533
2020-08-19 00:00:00+00:00,383.0,19.0,399.0,149.0,72.0,19.0,293.0,208.0,102.0,22.0,35.0,12.0,19.0,6.0,3.0,13.0,1754
2020-08-20 00:00:00+00:00,361.0,18.0,392.0,86.0,110.0,18.0,257.0,215.0,58.0,24.0,29.0,7.0,15.0,13.0,4.0,13.0,1620
2020-08-21 00:00:00+00:00,445.0,14.0,312.0,104.0,77.0,14.0,307.0,209.0,77.0,14.0,34.0,8.0,16.0,9.0,5.0,10.0,1655
2020-08-22 00:00:00+00:00,195.0,4.0,197.0,47.0,32.0,12.0,184.0,132.0,51.0,14.0,16.0,7.0,11.0,7.0,3.0,7.0,919
2020-08-23 00:00:00+00:00,156.0,2.0,123.0,16.0,1.0,4.0,141.0,53.0,22.0,6.0,22.0,5.0,6.0,4.0,2.0,3.0,566
2020-08-24 00:00:00+00:00,278.0,4.0,353.0,125.0,95.0,13.0,231.0,173.0,59.0,22.0,26.0,8.0,20.0,10.0,2.0,8.0,1427
2020-08-25 00:00:00+00:00,282.0,9.0,337.0,116.0,69.0,18.0,305.0,176.0,52.0,28.0,32.0,11.0,26.0,9.0,2.0,14.0,1486
2020-08-26 00:00:00+00:00,310.0,10.0,492.0,101.0,99.0,18.0,294.0,111.0,61.0,22.0,30.0,19.0,33.0,8.0,2.0,8.0,1618
2020-08-27 00:00:00+00:00,310.0,14.0,412.0,114.0,75.0,13.0,330.0,122.0,54.0,18.0,18.0,14.0,27.0,14.0,2.0,5.0,1542
2020-08-28 00:00:00+00:00,258.0,18.0,288.0,83.0,104.0,4.0,288.0,118.0,96.0,17.0,38.0,21.0,22.0,22.0,3.0,11.0,1391
2020-08-29 00:00:00+00:00,162.0,17.0,175.0,66.0,35.0,1.0,177.0,54.0,64.0,5.0,40.0,12.0,9.0,9.0,1.0,6.0,833
2020-08-30 00:00:00+00:00,136.0,0.0,113.0,30.0,5.0,1.0,148.0,41.0,25.0,9.0,19.0,1.0,3.0,0.0,1.0,5.0,537
2020-08-31 00:00:00+00:00,251.0,3.0,272.0,66.0,125.0,5.0,177.0,129.0,40.0,15.0,27.0,8.0,59.0,5.0,0.0,3.0,1185
2020-09-01 00:00:00+00:00,250.0,2.0,333.0,98.0,67.0,8.0,288.0,105.0,48.0,16.0,30.0,14.0,37.0,10.0,2.0,11.0,1319
2020-09-02 00:00:00+00:00,281.0,12.0,344.0,102.0,88.0,10.0,302.0,83.0,35.0,26.0,55.0,23.0,30.0,11.0,5.0,5.0,1412
2020-09-03 00:00:00+00:00,304.0,6.0,398.0,97.0,77.0,11.0,283.0,145.0,57.0,21.0,50.0,11.0,32.0,12.0,4.0,9.0,1517
2020-09-04 00:00:00+00:00,290.0,15.0,385.0,92.0,120.0,22.0,289.0,108.0,53.0,9.0,40.0,9.0,28.0,19.0,6.0,9.0,1494
2020-09-05 00:00:00+00:00,212.0,6.0,309.0,66.0,47.0,4.0,265.0,73.0,47.0,8.0,35.0,11.0,12.0,4.0,4.0,3.0,1106
2020-09-06 00:00:00+00:00,109.0,0.0,203.0,28.0,3.0,0.0,100.0,56.0,28.0,4.0,32.0,3.0,3.0,7.0,1.0,4.0,581
2020-09-07 00:00:00+00:00,224.0,1.0,432.0,112.0,131.0,13.0,223.0,126.0,70.0,19.0,22.0,3.0,27.0,3.0,6.0,1.0,1413
2020-09-08 00:00:00+00:00,213.0,7.0,459.0,75.0,58.0,15.0,238.0,91.0,52.0,21.0,57.0,12.0,44.0,10.0,5.0,19.0,1376
2020-09-09 00:00:00+00:00,345.0,11.0,533.0,110.0,115.0,8.0,281.0,113.0,59.0,23.0,70.0,9.0,43.0,19.0,3.0,5.0,1747
2020-09-10 00:00:00+00:00,320.0,7.0,396.0,104.0,141.0,26.0,280.0,102.0,56.0,16.0,51.0,15.0,46.0,19.0,3.0,10.0,1592
2020-09-11 00:00:00+00:00,389.0,10.0,361.0,121.0,88.0,8.0,266.0,129.0,80.0,11.0,55.0,8.0,68.0,24.0,10.0,21.0,1649
2020-09-12 00:00:00+00:00,323.0,6.0,255.0,84.0,43.0,9.0,222.0,93.0,54.0,9.0,30.0,12.0,41.0,23.0,6.0,13.0,1223
2020-09-13 00:00:00+00:00,189.0,1.0,217.0,79.0,6.0,3.0,116.0,63.0,9.0,9.0,35.0,5.0,14.0,13.0,1.0,2.0,762
2020-09-14 00:00:00+00:00,373.0,4.0,396.0,116.0,97.0,11.0,190.0,102.0,50.0,24.0,47.0,2.0,47.0,17.0,2.0,8.0,1486
2020-09-15 00:00:00+00:00,397.0,7.0,547.0,195.0,117.0,16.0,373.0,97.0,50.0,35.0,45.0,18.0,58.0,26.0,13.0,9.0,2003
2020-09-16 00:00:00+00:00,469.0,22.0,517.0,180.0,174.0,17.0,359.0,176.0,81.0,30.0,56.0,15.0,56.0,25.0,0.0,17.0,2194
2020-09-17 00:00:00+00:00,603.0,14.0,535.0,172.0,175.0,11.0,373.0,146.0,61.0,36.0,81.0,4.0,76.0,26.0,16.0,28.0,2357
2020-09-18 00:00:00+00:00,535.0,8.0,458.0,205.0,192.0,24.0,303.0,119.0,73.0,32.0,75.0,13.0,66.0,31.0,10.0,24.0,2168
2020-09-19 00:00:00+00:00,399.0,7.0,309.0,100.0,57.0,7.0,204.0,74.0,45.0,29.0,65.0,25.0,48.0,7.0,8.0,8.0,1392
2020-09-20 00:00:00+00:00,180.0,1.0,166.0,68.0,27.0,2.0,114.0,34.0,9.0,17.0,31.0,5.0,24.0,6.0,0.0,6.0,690
2020-09-21 00:00:00+00:00,423.0,9.0,389.0,92.0,191.0,17.0,188.0,119.0,62.0,27.0,45.0,5.0,48.0,27.0,7.0,7.0,1656
2020-09-22 00:00:00+00:00,456.0,15.0,342.0,143.0,169.0,22.0,238.0,126.0,48.0,30.0,78.0,24.0,66.0,16.0,13.0,29.0,1815
2020-09-23 00:00:00+00:00,537.0,8.0,427.0,193.0,184.0,26.0,334.0,169.0,67.0,48.0,75.0,11.0,80.0,21.0,7.0,25.0,2212
2020-09-24 00:00:00+00:00,610.0,6.0,400.0,191.0,228.0,34.0,303.0,210.0,95.0,57.0,90.0,22.0,105.0,21.0,6.0,15.0,2393
2020-09-25 00:00:00+00:00,633.0,15.0,362.0,166.0,206.0,26.0,322.0,216.0,84.0,58.0,96.0,38.0,50.0,18.0,8.0,36.0,2334
2020-09-26 00:00:00+00:00,563.0,8.0,239.0,170.0,83.0,4.0,278.0,133.0,64.0,23.0,75.0,45.0,45.0,7.0,8.0,41.0,1786
2020-09-27 00:00:00+00:00,327.0,2.0,127.0,56.0,27.0,3.0,141.0,57.0,39.0,7.0,50.0,6.0,22.0,3.0,3.0,3.0,873
2020-09-28 00:00:00+00:00,441.0,4.0,423.0,125.0,203.0,26.0,208.0,142.0,68.0,44.0,58.0,14.0,51.0,8.0,5.0,11.0,1831
2020-09-29 00:00:00+00:00,599.0,23.0,344.0,141.0,216.0,40.0,252.0,148.0,64.0,46.0,92.0,49.0,68.0,15.0,36.0,32.0,2165
2020-09-30 00:00:00+00:00,761.0,31.0,395.0,209.0,274.0,39.0,331.0,246.0,107.0,44.0,102.0,36.0,77.0,30.0,12.0,40.0,2734
2020-10-01 00:00:00+00:00,849.0,28.0,352.0,268.0,311.0,44.0,385.0,252.0,121.0,37.0,77.0,45.0,78.0,29.0,29.0,21.0,2926
2020-10-02 00:00:00+00:00,742.0,26.0,347.0,248.0,340.0,48.0,425.0,238.0,106.0,39.0,153.0,40.0,92.0,30.0,15.0,33.0,2922
2020-10-03 00:00:00+00:00,657.0,27.0,308.0,213.0,96.0,29.0,276.0,208.0,83.0,19.0,82.0,52.0,75.0,35.0,26.0,10.0,2196
2020-10-04 00:00:00+00:00,336.0,6.0,151.0,120.0,110.0,10.0,159.0,76.0,42.0,23.0,75.0,11.0,11.0,7.0,6.0,11.0,1154
2020-10-05 00:00:00+00:00,706.0,14.0,359.0,122.0,312.0,35.0,293.0,181.0,106.0,35.0,99.0,14.0,97.0,10.0,9.0,18.0,2410
2020-10-06 00:00:00+00:00,841.0,41.0,498.0,310.0,320.0,61.0,613.0,332.0,107.0,54.0,95.0,72.0,170.0,18.0,16.0,41.0,3589
2020-10-07 00:00:00+00:00,1190.0,33.0,664.0,387.0,493.0,61.0,602.0,363.0,173.0,54.0,106.0,101.0,183.0,44.0,23.0,17.0,4494
2020-10-08 00:00:00+00:00,1278.0,37.0,686.0,361.0,453.0,77.0,592.0,357.0,207.0,63.0,128.0,74.0,250.0,49.0,28.0,27.0,4667
2020-10-09 00:00:00+00:00,1414.0,64.0,740.0,339.0,506.0,113.0,722.0,464.0,152.0,57.0,118.0,63.0,176.0,60.0,25.0,46.0,5059
2020-10-10 00:00:00+00:00,1059.0,69.0,418.0,270.0,171.0,42.0,639.0,328.0,162.0,26.0,59.0,127.0,166.0,53.0,37.0,6.0,3632
2020-10-11 00:00:00+00:00,746.0,43.0,321.0,204.0,146.0,24.0,303.0,131.0,104.0,22.0,82.0,6.0,87.0,7.0,10.0,37.0,2273
2020-10-12 00:00:00+00:00,924.0,29.0,681.0,305.0,590.0,108.0,553.0,359.0,143.0,66.0,143.0,35.0,167.0,57.0,8.0,22.0,4190
2020-10-13 00:00:00+00:00,1325.0,116.0,691.0,450.0,505.0,115.0,833.0,410.0,230.0,66.0,96.0,52.0,322.0,60.0,63.0,33.0,5367
2020-10-14 00:00:00+00:00,1952.0,111.0,1154.0,521.0,587.0,129.0,939.0,725.0,212.0,71.0,194.0,102.0,359.0,78.0,61.0,54.0,7249
2020-10-15 00:00:00+00:00,2063.0,164.0,1282.0,555.0,681.0,124.0,1078.0,690.0,344.0,80.0,159.0,101.0,398.0,74.0,51.0,62.0,7906
2020-10-16 00:00:00+00:00,2027.0,139.0,1269.0,526.0,626.0,156.0,1072.0,888.0,316.0,94.0,169.0,99.0,334.0,124.0,49.0,88.0,7976
2020-10-17 00:00:00+00:00,1618.0,88.0,984.0,418.0,165.0,73.0,793.0,455.0,304.0,51.0,155.0,91.0,334.0,69.0,35.0,56.0,5689
2020-10-18 00:00:00+00:00,1175.0,26.0,574.0,266.0,192.0,42.0,539.0,315.0,132.0,34.0,95.0,23.0,179.0,32.0,13.0,43.0,3680
2020-10-19 00:00:00+00:00,1528.0,48.0,1079.0,360.0,779.0,123.0,768.0,692.0,256.0,158.0,174.0,48.0,307.0,64.0,16.0,86.0,6486
2020-10-20 00:00:00+00:00,2212.0,153.0,1463.0,584.0,897.0,208.0,1366.0,876.0,367.0,125.0,228.0,90.0,597.0,117.0,88.0,76.0,9447
2020-10-21 00:00:00+00:00,3041.0,200.0,2238.0,854.0,809.0,198.0,1715.0,1211.0,531.0,162.0,320.0,138.0,584.0,163.0,81.0,166.0,12411
2020-10-22 00:00:00+00:00,3895.0,222.0,2236.0,959.0,900.0,259.0,1989.0,1151.0,553.0,225.0,377.0,157.0,661.0,164.0,101.0,82.0,13931
2020-10-23 00:00:00+00:00,3836.0,218.0,2120.0,770.0,923.0,235.0,1950.0,1583.0,551.0,192.0,416.0,126.0,602.0,198.0,86.0,232.0,14038
2020-10-24 00:00:00+00:00,3526.0,119.0,1664.0,855.0,285.0,153.0,1318.0,1200.0,461.0,151.0,246.0,182.0,593.0,205.0,65.0,77.0,11100
2020-10-25 00:00:00+00:00,2514.0,115.0,1413.0,401.0,327.0,78.0,921.0,544.0,309.0,78.0,211.0,62.0,257.0,71.0,25.0,127.0,7453
2020-10-26 00:00:00+00:00,2757.0,166.0,2283.0,662.0,1018.0,180.0,1810.0,1288.0,459.0,156.0,318.0,99.0,563.0,98.0,47.0,120.0,12024
2020-10-27 00:00:00+00:00,3693.0,273.0,2718.0,1088.0,1120.0,343.0,2122.0,1473.0,724.0,284.0,512.0,193.0,812.0,257.0,152.0,184.0,15948
2020-10-28 00:00:00+00:00,4898.0,222.0,3114.0,1329.0,1291.0,326.0,2649.0,1869.0,712.0,269.0,405.0,202.0,1322.0,226.0,130.0,282.0,19246
2020-10-29 00:00:00+00:00,5820.0,301.0,2973.0,1541.0,1046.0,437.0,2430.0,1702.0,809.0,251.0,495.0,246.0,1238.0,228.0,126.0,205.0,19848
2020-10-30 00:00:00+00:00,5213.0,264.0,3134.0,1462.0,1073.0,337.0,2705.0,1689.0,930.0,302.0,466.0,200.0,897.0,332.0,167.0,236.0,19407
2020-10-31 00:00:00+00:00,3891.0,256.0,2614.0,1006.0,350.0,257.0,1621.0,1435.0,465.0,241.0,272.0,199.0,975.0,169.0,92.0,158.0,14001
2020-11-01 00:00:00+00:00,3223.0,174.0,2067.0,717.0,359.0,117.0,1255.0,923.0,500.0,149.0,224.0,220.0,390.0,62.0,41.0,106.0,10527
2020-11-02 00:00:00+00:00,3850.0,177.0,2831.0,1023.0,1413.0,234.0,1905.0,1214.0,566.0,174.0,395.0,133.0,958.0,205.0,49.0,123.0,15250
2020-11-03 00:00:00+00:00,4677.0,259.0,3427.0,1302.0,1331.0,359.0,2790.0,1559.0,789.0,217.0,577.0,208.0,1188.0,283.0,184.0,190.0,19340
2020-11-04 00:00:00+00:00,5172.0,231.0,3714.0,1577.0,1233.0,428.0,2702.0,1856.0,868.0,247.0,522.0,255.0,1632.0,334.0,159.0,273.0,21203
2020-11-05 00:00:00+00:00,5869.0,331.0,3953.0,1434.0,1301.0,485.0,2978.0,1747.0,871.0,257.0,501.0,266.0,1536.0,304.0,130.0,314.0,22277
2020-11-06 00:00:00+00:00,5153.0,210.0,4485.0,1479.0,1168.0,366.0,2818.0,1856.0,1144.0,231.0,463.0,279.0,1234.0,303.0,144.0,247.0,21580
2020-11-07 00:00:00+00:00,3771.0,255.0,3101.0,1290.0,408.0,247.0,2382.0,1746.0,586.0,248.0,416.0,183.0,781.0,234.0,117.0,163.0,15928
2020-11-08 00:00:00+00:00,2940.0,164.0,2183.0,662.0,289.0,128.0,1159.0,847.0,546.0,154.0,265.0,71.0,492.0,98.0,38.0,104.0,10140
2020-11-09 00:00:00+00:00,4108.0,196.0,3034.0,906.0,1462.0,278.0,1663.0,1697.0,629.0,246.0,409.0,104.0,851.0,208.0,42.0,147.0,15980
2020-11-10 00:00:00+00:00,4318.0,282.0,3865.0,1367.0,1305.0,390.0,2428.0,1867.0,885.0,211.0,566.0,115.0,1315.0,299.0,124.0,272.0,19609
2020-11-11 00:00:00+00:00,5155.0,312.0,4615.0,1635.0,1678.0,408.0,3035.0,1873.0,1125.0,284.0,445.0,223.0,1176.0,356.0,119.0,269.0,22708
2020-11-12 00:00:00+00:00,5734.0,282.0,4590.0,1681.0,1558.0,402.0,3026.0,1817.0,1178.0,226.0,468.0,260.0,1433.0,404.0,166.0,277.0,23502
2020-11-13 00:00:00+00:00,5134.0,204.0,4072.0,1422.0,1394.0,449.0,2715.0,1867.0,1119.0,288.0,446.0,152.0,1406.0,383.0,117.0,195.0,21363
2020-11-14 00:00:00+00:00,4203.0,193.0,3156.0,1093.0,456.0,302.0,1990.0,1432.0,663.0,189.0,242.0,188.0,1150.0,248.0,87.0,203.0,15795
2020-11-15 00:00:00+00:00,2353.0,109.0,1526.0,429.0,583.0,102.0,1138.0,838.0,487.0,100.0,197.0,82.0,615.0,121.0,32.0,138.0,8850
2020-11-16 00:00:00+00:00,3937.0,105.0,2432.0,841.0,1615.0,361.0,1551.0,1201.0,692.0,127.0,350.0,45.0,1010.0,239.0,25.0,166.0,14697
2020-11-17 00:00:00+00:00,4335.0,216.0,3597.0,1327.0,1676.0,502.0,2657.0,1976.0,746.0,246.0,390.0,133.0,1618.0,433.0,169.0,330.0,20351
2020-11-18 00:00:00+00:00,5522.0,215.0,4765.0,1598.0,1339.0,583.0,3237.0,2252.0,994.0,233.0,497.0,280.0,1298.0,418.0,165.0,295.0,23691
2020-11-19 00:00:00+00:00,5717.0,308.0,4592.0,1673.0,1444.0,589.0,3074.0,1992.0,951.0,232.0,432.0,142.0,1674.0,474.0,142.0,322.0,23758
2020-11-20 00:00:00+00:00,5063.0,168.0,4205.0,1462.0,1469.0,525.0,2827.0,1903.0,1135.0,268.0,473.0,161.0,1545.0,649.0,135.0,305.0,22293
2020-11-21 00:00:00+00:00,3154.0,109.0,2773.0,1037.0,459.0,356.0,2114.0,1445.0,710.0,142.0,183.0,158.0,1313.0,475.0,89.0,257.0,14774
2020-11-22 00:00:00+00:00,1992.0,134.0,1825.0,522.0,389.0,203.0,1048.0,666.0,529.0,114.0,140.0,77.0,800.0,194.0,30.0,167.0,8830
2020-11-23 00:00:00+00:00,3931.0,49.0,2996.0,733.0,1598.0,556.0,1256.0,1056.0,577.0,150.0,256.0,25.0,1176.0,376.0,53.0,284.0,15072
2020-11-24 00:00:00+00:00,4284.0,194.0,3844.0,1184.0,1486.0,476.0,2245.0,1375.0,816.0,220.0,395.0,145.0,1677.0,582.0,147.0,337.0,19407
2020-11-25 00:00:00+00:00,4917.0,275.0,4303.0,1412.0,1258.0,608.0,2849.0,1903.0,880.0,267.0,302.0,193.0,1835.0,547.0,123.0,378.0,22050
2020-11-26 00:00:00+00:00,4626.0,179.0,4542.0,1454.0,1317.0,619.0,3071.0,1890.0,959.0,235.0,304.0,120.0,2269.0,578.0,172.0,422.0,22757
2020-11-27 00:00:00+00:00,4380.0,138.0,3806.0,1018.0,1307.0,491.0,2678.0,1891.0,786.0,227.0,112.0,114.0,2105.0,511.0,131.0,441.0,20136
2020-11-28 00:00:00+00:00,3437.0,221.0,2880.0,857.0,487.0,336.0,1977.0,1271.0,706.0,169.0,102.0,154.0,1573.0,370.0,107.0,290.0,14937
2020-11-29 00:00:00+00:00,1933.0,173.0,2022.0,372.0,268.0,112.0,1160.0,568.0,399.0,76.0,148.0,29.0,1033.0,247.0,42.0,202.0,8784
2020-11-30 00:00:00+00:00,2688.0,46.0,2644.0,588.0,1182.0,502.0,1400.0,971.0,647.0,107.0,309.0,32.0,1569.0,352.0,32.0,231.0,13300
2020-12-01 00:00:00+00:00,3880.0,230.0,3616.0,1010.0,1083.0,637.0,2513.0,1362.0,829.0,206.0,333.0,161.0,2296.0,508.0,140.0,413.0,19217
2020-12-02 00:00:00+00:00,4857.0,204.0,4398.0,1352.0,1158.0,705.0,3297.0,1745.0,973.0,281.0,295.0,166.0,2379.0,727.0,145.0,518.0,23200
2020-12-03 00:00:00+00:00,4765.0,255.0,4549.0,1377.0,1396.0,751.0,3244.0,1847.0,1089.0,250.0,489.0,82.0,2787.0,886.0,172.0,490.0,24429
2020-12-04 00:00:00+00:00,4508.0,244.0,3784.0,1079.0,1447.0,612.0,3122.0,1801.0,1095.0,271.0,353.0,133.0,2337.0,694.0,157.0,618.0,22255
2020-12-05 00:00:00+00:00,3401.0,224.0,2839.0,908.0,430.0,347.0,2455.0,1230.0,752.0,258.0,200.0,127.0,1723.0,413.0,122.0,297.0,15726
2020-12-06 00:00:00+00:00,2068.0,165.0,2431.0,280.0,329.0,105.0,1426.0,667.0,424.0,119.0,254.0,58.0,1284.0,394.0,49.0,183.0,10236
2020-12-07 00:00:00+00:00,3367.0,83.0,2962.0,841.0,1322.0,556.0,1797.0,1227.0,762.0,176.0,271.0,48.0,2099.0,436.0,66.0,445.0,16458
2020-12-08 00:00:00+00:00,4538.0,266.0,4268.0,1116.0,1197.0,733.0,3182.0,1832.0,847.0,355.0,347.0,117.0,2445.0,716.0,257.0,581.0,22797
2020-12-09 00:00:00+00:00,5287.0,356.0,5000.0,1451.0,1422.0,866.0,4207.0,2054.0,1197.0,339.0,454.0,210.0,2966.0,865.0,279.0,693.0,27646
2020-12-10 00:00:00+00:00,5777.0,518.0,4905.0,1692.0,1431.0,956.0,3939.0,2210.0,1327.0,460.0,454.0,185.0,3322.0,1062.0,233.0,571.0,29042
2020-12-11 00:00:00+00:00,5868.0,248.0,4941.0,1280.0,1322.0,880.0,3678.0,2116.0,1276.0,424.0,513.0,119.0,2638.0,1035.0,286.0,628.0,27252
2020-12-12 00:00:00+00:00,4128.0,294.0,3376.0,1167.0,466.0,503.0,2896.0,1707.0,888.0,438.0,291.0,171.0,2784.0,846.0,229.0,422.0,20606
2020-12-13 00:00:00+00:00,2523.0,160.0,2654.0,422.0,305.0,317.0,1930.0,743.0,573.0,142.0,290.0,57.0,1570.0,365.0,106.0,348.0,12505
2020-12-14 00:00:00+00:00,3712.0,78.0,3072.0,905.0,1523.0,625.0,2255.0,1271.0,854.0,212.0,322.0,22.0,2898.0,737.0,87.0,498.0,19071
2020-12-15 00:00:00+00:00,5169.0,408.0,4798.0,1296.0,1190.0,1024.0,3645.0,1863.0,1099.0,496.0,536.0,131.0,3354.0,886.0,328.0,707.0,26930
2020-12-16 00:00:00+00:00,6136.0,299.0,5310.0,1956.0,1562.0,1172.0,4109.0,2595.0,1295.0,519.0,495.0,221.0,3471.0,1174.0,335.0,712.0,31361
2020-12-17 00:00:00+00:00,6201.0,375.0,5502.0,1776.0,1657.0,1206.0,4491.0,2417.0,1257.0,482.0,551.0,158.0,3407.0,1230.0,283.0,962.0,31955
2020-12-18 00:00:00+00:00,5911.0,296.0,4742.0,1531.0,1533.0,1331.0,4172.0,2435.0,1231.0,549.0,583.0,120.0,2933.0,1242.0,230.0,927.0,29766
2020-12-19 00:00:00+00:00,4396.0,197.0,3629.0,1370.0,502.0,764.0,3285.0,1779.0,727.0,430.0,375.0,107.0,2568.0,859.0,187.0,524.0,21699
2020-12-20 00:00:00+00:00,2961.0,92.0,2273.0,489.0,343.0,466.0,1952.0,959.0,911.0,191.0,219.0,130.0,1908.0,395.0,123.0,487.0,13899
2020-12-21 00:00:00+00:00,4072.0,220.0,2779.0,1227.0,1570.0,932.0,2319.0,1227.0,859.0,273.0,619.0,49.0,2525.0,867.0,117.0,640.0,20295
2020-12-22 00:00:00+00:00,5603.0,377.0,4290.0,1654.0,1442.0,1274.0,3447.0,2087.0,1014.0,581.0,629.0,117.0,3775.0,1385.0,374.0,936.0,28985
2020-12-23 00:00:00+00:00,6800.0,341.0,5309.0,2053.0,1569.0,1158.0,4507.0,2742.0,1479.0,663.0,542.0,254.0,3753.0,1560.0,271.0,976.0,33977
2020-12-24 00:00:00+00:00,3809.0,240.0,3466.0,1419.0,587.0,603.0,3264.0,1803.0,643.0,361.0,335.0,79.0,2726.0,993.0,152.0,679.0,21159
2020-12-25 00:00:00+00:00,2221.0,155.0,2709.0,803.0,178.0,625.0,1685.0,846.0,569.0,174.0,217.0,31.0,1343.0,837.0,160.0,608.0,13161
2020-12-26 00:00:00+00:00,2060.0,93.0,2201.0,476.0,691.0,526.0,1407.0,606.0,376.0,196.0,247.0,33.0,1734.0,394.0,115.0,387.0,11542
2020-12-27 00:00:00+00:00,2298.0,95.0,1703.0,340.0,482.0,366.0,960.0,444.0,518.0,187.0,153.0,38.0,1572.0,267.0,94.0,289.0,9806
2020-12-28 00:00:00+00:00,2609.0,69.0,2299.0,886.0,1156.0,1030.0,1916.0,833.0,645.0,265.0,487.0,60.0,2229.0,623.0,98.0,534.0,15739
2020-12-29 00:00:00+00:00,4883.0,314.0,4439.0,1661.0,1204.0,1476.0,3025.0,2025.0,1112.0,571.0,493.0,157.0,3640.0,1130.0,483.0,961.0,27574
2020-12-30 00:00:00+00:00,5787.0,236.0,5661.0,2174.0,1044.0,1564.0,3830.0,2292.0,1195.0,459.0,580.0,156.0,3209.0,1569.0,380.0,915.0,31051
2020-12-31 00:00:00+00:00,3145.0,151.0,3853.0,1451.0,483.0,786.0,2793.0,1670.0,764.0,353.0,343.0,111.0,1924.0,931.0,237.0,594.0,19589
2021-01-01 00:00:00+00:00,1696.0,65.0,1958.0,521.0,270.0,431.0,1327.0,821.0,436.0,137.0,213.0,24.0,989.0,560.0,140.0,686.0,10274
2021-01-02 00:00:00+00:00,1898.0,36.0,1819.0,580.0,478.0,291.0,992.0,498.0,610.0,264.0,274.0,13.0,1248.0,408.0,102.0,505.0,10016
2021-01-03 00:00:00+00:00,1808.0,95.0,1726.0,389.0,459.0,234.0,1079.0,503.0,358.0,203.0,201.0,37.0,1004.0,283.0,68.0,388.0,8835
2021-01-04 00:00:00+00:00,2453.0,96.0,2227.0,825.0,1006.0,935.0,1461.0,837.0,527.0,263.0,507.0,54.0,1728.0,532.0,208.0,648.0,14307
2021-01-05 00:00:00+00:00,4888.0,216.0,4273.0,1795.0,1168.0,1460.0,3222.0,2019.0,1004.0,539.0,527.0,105.0,3418.0,1273.0,561.0,969.0,27437
2021-01-06 00:00:00+00:00,5992.0,451.0,3501.0,2274.0,1365.0,1577.0,2572.0,2206.0,1138.0,530.0,484.0,151.0,3119.0,1387.0,449.0,771.0,27967
2021-01-07 00:00:00+00:00,5006.0,424.0,3565.0,1723.0,1627.0,1593.0,2561.0,1875.0,1131.0,476.0,522.0,105.0,2723.0,1456.0,275.0,1047.0,26109
2021-01-08 00:00:00+00:00,4309.0,420.0,4091.0,1487.0,1260.0,1233.0,2837.0,1632.0,966.0,522.0,372.0,79.0,2495.0,1334.0,432.0,1067.0,24536
2021-01-09 00:00:00+00:00,3064.0,290.0,3019.0,1449.0,416.0,813.0,2170.0,1258.0,705.0,406.0,206.0,71.0,1357.0,586.0,193.0,657.0,16660
2021-01-10 00:00:00+00:00,1538.0,59.0,1753.0,350.0,208.0,467.0,1190.0,452.0,393.0,139.0,286.0,41.0,725.0,324.0,78.0,470.0,8473
2021-01-11 00:00:00+00:00,2228.0,73.0,1907.0,663.0,1345.0,795.0,1302.0,740.0,533.0,257.0,356.0,40.0,1446.0,821.0,197.0,785.0,13488
2021-01-12 00:00:00+00:00,4054.0,173.0,3353.0,1531.0,1163.0,1273.0,2561.0,1603.0,805.0,405.0,388.0,96.0,2567.0,1165.0,396.0,1055.0,22588
2021-01-13 00:00:00+00:00,4318.0,224.0,4022.0,1647.0,1173.0,1336.0,3008.0,1719.0,897.0,484.0,345.0,142.0,2141.0,1211.0,356.0,1078.0,24101
2021-01-14 00:00:00+00:00,3974.0,212.0,3293.0,1449.0,998.0,1208.0,2208.0,1528.0,877.0,419.0,313.0,72.0,1647.0,981.0,366.0,857.0,20402
2021-01-15 00:00:00+00:00,3515.0,212.0,2917.0,1436.0,877.0,1044.0,2037.0,1318.0,713.0,408.0,388.0,91.0,1344.0,917.0,312.0,773.0,18302
2021-01-16 00:00:00+00:00,2798.0,148.0,2167.0,1098.0,292.0,583.0,1613.0,1090.0,567.0,351.0,154.0,104.0,987.0,648.0,235.0,597.0,13432
2021-01-17 00:00:00+00:00,1144.0,30.0,1284.0,525.0,168.0,425.0,753.0,418.0,331.0,200.0,116.0,38.0,455.0,267.0,110.0,328.0,6592
2021-01-18 00:00:00+00:00,1720.0,80.0,1145.0,670.0,647.0,785.0,831.0,465.0,353.0,235.0,293.0,20.0,725.0,474.0,171.0,551.0,9165
2021-01-19 00:00:00+00:00,3450.0,219.0,2916.0,1399.0,883.0,941.0,1935.0,1342.0,717.0,462.0,307.0,71.0,1659.0,890.0,370.0,902.0,18463
2021-01-20 00:00:00+00:00,3957.0,213.0,2867.0,1389.0,859.0,969.0,2156.0,1593.0,962.0,481.0,304.0,124.0,1539.0,905.0,289.0,880.0,19487
2021-01-21 00:00:00+00:00,3270.0,238.0,2472.0,1271.0,656.0,809.0,1970.0,1410.0,764.0,498.0,285.0,102.0,1132.0,766.0,271.0,894.0,16808
2021-01-22 00:00:00+00:00,3120.0,173.0,2305.0,1252.0,658.0,710.0,1474.0,1142.0,760.0,462.0,246.0,75.0,1065.0,670.0,277.0,640.0,15029
2021-01-23 00:00:00+00:00,2531.0,163.0,1761.0,897.0,266.0,580.0,1325.0,824.0,484.0,438.0,256.0,75.0,765.0,488.0,219.0,497.0,11569
2021-01-24 00:00:00+00:00,900.0,52.0,1038.0,323.0,56.0,193.0,525.0,274.0,252.0,156.0,159.0,37.0,433.0,226.0,134.0,266.0,5024
2021-01-25 00:00:00+00:00,1452.0,67.0,762.0,419.0,604.0,284.0,554.0,414.0,330.0,161.0,216.0,33.0,457.0,320.0,107.0,571.0,6751
2021-01-26 00:00:00+00:00,2721.0,246.0,2597.0,1169.0,684.0,733.0,1580.0,1105.0,699.0,541.0,288.0,87.0,1266.0,704.0,394.0,698.0,15512
2021-01-27 00:00:00+00:00,3064.0,197.0,2404.0,1442.0,643.0,665.0,1742.0,1273.0,688.0,462.0,311.0,93.0,1190.0,707.0,232.0,705.0,15818
2021-01-28 00:00:00+00:00,2676.0,270.0,2160.0,982.0,486.0,606.0,1580.0,1011.0,605.0,382.0,254.0,106.0,742.0,679.0,243.0,585.0,13367
2021-01-29 00:00:00+00:00,2589.0,223.0,1919.0,1106.0,511.0,543.0,1377.0,960.0,517.0,345.0,249.0,138.0,827.0,520.0,251.0,504.0,12579
2021-01-30 00:00:00+00:00,2125.0,178.0,1723.0,939.0,177.0,342.0,1225.0,822.0,414.0,261.0,141.0,78.0,600.0,379.0,146.0,393.0,9943
2021-01-31 00:00:00+00:00,961.0,62.0,783.0,250.0,55.0,140.0,486.0,228.0,252.0,178.0,102.0,27.0,246.0,156.0,88.0,193.0,4207
2021-02-01 00:00:00+00:00,1139.0,58.0,714.0,431.0,619.0,214.0,508.0,387.0,252.0,130.0,224.0,40.0,480.0,292.0,98.0,278.0,5864
2021-02-02 00:00:00+00:00,2259.0,225.0,1933.0,1066.0,502.0,476.0,1234.0,963.0,522.0,357.0,226.0,123.0,969.0,622.0,282.0,544.0,12303
2021-02-03 00:00:00+00:00,2650.0,263.0,2280.0,1163.0,485.0,487.0,1411.0,1147.0,497.0,338.0,227.0,115.0,883.0,681.0,306.0,490.0,13423
2021-02-04 00:00:00+00:00,2455.0,218.0,1802.0,1029.0,430.0,388.0,1232.0,888.0,494.0,323.0,198.0,91.0,701.0,571.0,241.0,444.0,11505
2021-02-05 00:00:00+00:00,2130.0,198.0,1459.0,922.0,388.0,356.0,1044.0,736.0,441.0,259.0,192.0,96.0,665.0,483.0,225.0,416.0,10010
2021-02-06 00:00:00+00:00,1807.0,124.0,1432.0,861.0,197.0,266.0,1063.0,728.0,301.0,267.0,135.0,58.0,403.0,313.0,125.0,309.0,8389
2021-02-07 00:00:00+00:00,593.0,38.0,568.0,255.0,25.0,108.0,390.0,184.0,173.0,106.0,129.0,43.0,145.0,101.0,80.0,151.0,3089
2021-02-08 00:00:00+00:00,829.0,70.0,464.0,268.0,417.0,163.0,424.0,246.0,232.0,137.0,201.0,9.0,227.0,240.0,87.0,172.0,4186
2021-02-09 00:00:00+00:00,1720.0,135.0,1476.0,855.0,460.0,286.0,1105.0,649.0,403.0,312.0,190.0,85.0,721.0,270.0,223.0,205.0,9095
2021-02-10 00:00:00+00:00,1896.0,159.0,1714.0,1187.0,420.0,476.0,1151.0,834.0,364.0,334.0,196.0,74.0,581.0,333.0,195.0,365.0,10279
2021-02-11 00:00:00+00:00,1879.0,151.0,1389.0,1014.0,382.0,326.0,973.0,644.0,375.0,355.0,201.0,69.0,570.0,539.0,184.0,308.0,9359
2021-02-12 00:00:00+00:00,1741.0,118.0,1248.0,1087.0,332.0,278.0,945.0,590.0,317.0,224.0,214.0,65.0,475.0,428.0,159.0,319.0,8540
2021-02-13 00:00:00+00:00,1314.0,53.0,805.0,531.0,97.0,246.0,589.0,391.0,221.0,190.0,98.0,44.0,282.0,279.0,148.0,307.0,5595
2021-02-14 00:00:00+00:00,789.0,25.0,669.0,537.0,35.0,128.0,323.0,215.0,208.0,116.0,164.0,73.0,128.0,150.0,61.0,140.0,3761
2021-02-15 00:00:00+00:00,828.0,64.0,544.0,419.0,371.0,99.0,319.0,271.0,175.0,140.0,191.0,22.0,398.0,262.0,80.0,208.0,4391
2021-02-16 00:00:00+00:00,1833.0,79.0,1341.0,1071.0,370.0,304.0,844.0,702.0,347.0,250.0,197.0,97.0,681.0,513.0,248.0,369.0,9246
2021-02-17 00:00:00+00:00,2091.0,123.0,1638.0,997.0,447.0,337.0,876.0,759.0,370.0,245.0,239.0,95.0,646.0,561.0,219.0,360.0,10003
2021-02-18 00:00:00+00:00,2062.0,116.0,1305.0,872.0,383.0,286.0,984.0,724.0,397.0,254.0,181.0,72.0,520.0,499.0,205.0,378.0,9238
2021-02-19 00:00:00+00:00,1830.0,103.0,1317.0,934.0,369.0,256.0,897.0,610.0,355.0,267.0,252.0,97.0,482.0,425.0,230.0,304.0,8728
2021-02-20 00:00:00+00:00,1742.0,82.0,1049.0,962.0,175.0,247.0,895.0,611.0,386.0,201.0,141.0,97.0,446.0,329.0,112.0,305.0,7780
2021-02-21 00:00:00+00:00,738.0,35.0,600.0,260.0,11.0,62.0,275.0,112.0,216.0,113.0,152.0,27.0,122.0,161.0,54.0,106.0,3044
2021-02-22 00:00:00+00:00,807.0,63.0,516.0,386.0,421.0,139.0,406.0,339.0,179.0,103.0,207.0,38.0,357.0,216.0,55.0,174.0,4406
2021-02-23 00:00:00+00:00,1951.0,115.0,1534.0,1032.0,473.0,297.0,1076.0,783.0,328.0,281.0,273.0,120.0,787.0,497.0,280.0,358.0,10185
2021-02-24 00:00:00+00:00,2679.0,140.0,1635.0,1151.0,480.0,338.0,1106.0,765.0,405.0,252.0,261.0,105.0,736.0,622.0,192.0,432.0,11299
2021-02-25 00:00:00+00:00,1998.0,151.0,1504.0,978.0,458.0,327.0,1063.0,717.0,431.0,249.0,244.0,82.0,681.0,495.0,183.0,364.0,9925
2021-02-26 00:00:00+00:00,1884.0,134.0,1489.0,1010.0,474.0,233.0,952.0,810.0,346.0,266.0,202.0,98.0,536.0,471.0,208.0,341.0,9454
2021-02-27 00:00:00+00:00,1615.0,93.0,1465.0,700.0,132.0,210.0,949.0,562.0,307.0,198.0,118.0,89.0,414.0,337.0,179.0,293.0,7661
2021-02-28 00:00:00+00:00,731.0,30.0,728.0,328.0,29.0,68.0,407.0,174.0,109.0,90.0,223.0,48.0,156.0,127.0,29.0,174.0,3451
2021-03-01 00:00:00+00:00,909.0,50.0,541.0,323.0,509.0,180.0,435.0,409.0,186.0,102.0,217.0,14.0,366.0,228.0,90.0,131.0,4690
2021-03-02 00:00:00+00:00,2250.0,126.0,1873.0,818.0,498.0,315.0,1308.0,835.0,320.0,223.0,240.0,103.0,918.0,498.0,257.0,382.0,10964
2021-03-03 00:00:00+00:00,2192.0,105.0,1801.0,1208.0,516.0,287.0,1294.0,874.0,404.0,255.0,279.0,92.0,688.0,685.0,251.0,384.0,11315
2021-03-04 00:00:00+00:00,2165.0,96.0,1730.0,872.0,441.0,307.0,1160.0,796.0,367.0,229.0,229.0,60.0,612.0,513.0,170.0,386.0,10133
2021-03-05 00:00:00+00:00,2005.0,83.0,1681.0,903.0,437.0,224.0,1196.0,727.0,333.0,217.0,227.0,80.0,590.0,460.0,241.0,258.0,9662
2021-03-06 00:00:00+00:00,1765.0,102.0,1309.0,932.0,168.0,222.0,1121.0,743.0,255.0,213.0,157.0,55.0,487.0,418.0,95.0,257.0,8299
2021-03-07 00:00:00+00:00,721.0,24.0,760.0,203.0,88.0,69.0,357.0,192.0,169.0,71.0,167.0,21.0,150.0,158.0,27.0,187.0,3364
2021-03-08 00:00:00+00:00,943.0,62.0,821.0,427.0,74.0,147.0,581.0,299.0,146.0,114.0,222.0,22.0,505.0,251.0,62.0,168.0,4844
2021-03-09 00:00:00+00:00,2379.0,106.0,1826.0,997.0,475.0,290.0,1469.0,923.0,376.0,254.0,223.0,81.0,932.0,557.0,264.0,348.0,11500
2021-03-10 00:00:00+00:00,2905.0,119.0,2463.0,1240.0,601.0,443.0,1591.0,1108.0,472.0,271.0,290.0,99.0,988.0,757.0,203.0,448.0,13998
2021-03-11 00:00:00+00:00,2734.0,92.0,2134.0,1214.0,673.0,396.0,1548.0,1008.0,472.0,268.0,325.0,86.0,809.0,702.0,193.0,509.0,13163
2021-03-12 00:00:00+00:00,2617.0,80.0,1963.0,1176.0,679.0,326.0,1602.0,1030.0,419.0,237.0,236.0,90.0,948.0,568.0,206.0,373.0,12550
2021-03-13 00:00:00+00:00,2194.0,86.0,1662.0,1055.0,267.0,332.0,1379.0,936.0,339.0,271.0,187.0,84.0,541.0,559.0,165.0,419.0,10476
2021-03-14 00:00:00+00:00,1058.0,36.0,1010.0,326.0,67.0,109.0,545.0,351.0,270.0,78.0,250.0,60.0,209.0,263.0,20.0,185.0,4837
2021-03-15 00:00:00+00:00,1321.0,68.0,964.0,532.0,681.0,157.0,701.0,547.0,261.0,128.0,236.0,52.0,633.0,339.0,68.0,150.0,6838
2021-03-16 00:00:00+00:00,3104.0,131.0,2645.0,1200.0,638.0,517.0,2140.0,1271.0,527.0,312.0,430.0,98.0,1262.0,794.0,301.0,433.0,15803
2021-03-17 00:00:00+00:00,4159.0,102.0,3013.0,1767.0,748.0,527.0,2209.0,1564.0,658.0,327.0,412.0,147.0,1205.0,814.0,224.0,490.0,18366
2021-03-18 00:00:00+00:00,3449.0,133.0,2580.0,1504.0,757.0,611.0,1962.0,1285.0,544.0,290.0,366.0,135.0,1429.0,840.0,206.0,643.0,16734
2021-03-19 00:00:00+00:00,3309.0,91.0,2374.0,1394.0,628.0,445.0,1947.0,1391.0,624.0,281.0,316.0,114.0,1206.0,847.0,261.0,488.0,15716
2021-03-20 00:00:00+00:00,2769.0,100.0,2100.0,1125.0,255.0,430.0,2106.0,1198.0,478.0,298.0,188.0,94.0,844.0,625.0,224.0,389.0,13223
2021-03-21 00:00:00+00:00,1387.0,35.0,1287.0,353.0,80.0,154.0,675.0,357.0,316.0,95.0,249.0,62.0,333.0,286.0,56.0,231.0,5956
2021-03-22 00:00:00+00:00,2001.0,66.0,980.0,691.0,881.0,211.0,865.0,702.0,338.0,156.0,295.0,56.0,867.0,400.0,108.0,271.0,8888
2021-03-23 00:00:00+00:00,3736.0,134.0,3187.0,1518.0,1033.0,658.0,2490.0,1554.0,594.0,296.0,454.0,159.0,1726.0,863.0,428.0,620.0,19450
2021-03-24 00:00:00+00:00,4784.0,140.0,3500.0,2011.0,996.0,760.0,2850.0,2008.0,899.0,328.0,499.0,185.0,1597.0,1036.0,394.0,663.0,22650
2021-03-25 00:00:00+00:00,4728.0,134.0,3566.0,2055.0,936.0,611.0,2611.0,1658.0,920.0,370.0,598.0,173.0,1601.0,885.0,364.0,692.0,21902
2021-03-26 00:00:00+00:00,3916.0,136.0,3310.0,1696.0,974.0,661.0,2565.0,1567.0,810.0,380.0,435.0,174.0,1440.0,946.0,354.0,672.0,20036
2021-03-27 00:00:00+00:00,3293.0,146.0,2645.0,1406.0,468.0,446.0,2163.0,1176.0,723.0,309.0,292.0,117.0,1030.0,718.0,216.0,636.0,15784
2021-03-28 00:00:00+00:00,1578.0,39.0,1397.0,455.0,100.0,249.0,1086.0,553.0,372.0,158.0,292.0,77.0,537.0,361.0,70.0,262.0,7586
2021-03-29 00:00:00+00:00,2493.0,61.0,1391.0,827.0,782.0,307.0,1205.0,999.0,512.0,201.0,360.0,75.0,836.0,548.0,113.0,278.0,10988
2021-03-30 00:00:00+00:00,3889.0,186.0,3361.0,1469.0,949.0,622.0,2614.0,1637.0,709.0,357.0,614.0,139.0,1779.0,925.0,466.0,671.0,20387
2021-03-31 00:00:00+00:00,4773.0,204.0,4086.0,1960.0,1106.0,853.0,3051.0,1978.0,985.0,393.0,527.0,154.0,1826.0,1188.0,250.0,667.0,24001
2021-04-01 00:00:00+00:00,4395.0,155.0,3223.0,1753.0,914.0,725.0,2749.0,1983.0,928.0,358.0,473.0,149.0,1578.0,946.0,316.0,804.0,21449
2021-04-02 00:00:00+00:00,3338.0,132.0,2569.0,1344.0,352.0,485.0,2095.0,1271.0,598.0,322.0,418.0,148.0,864.0,676.0,314.0,569.0,15495
2021-04-03 00:00:00+00:00,2527.0,87.0,1809.0,677.0,675.0,235.0,1126.0,614.0,598.0,202.0,280.0,59.0,750.0,478.0,95.0,427.0,10639
2021-04-04 00:00:00+00:00,1351.0,57.0,1355.0,548.0,176.0,170.0,938.0,456.0,343.0,170.0,238.0,85.0,616.0,228.0,192.0,226.0,7149
2021-04-05 00:00:00+00:00,1954.0,62.0,1022.0,328.0,322.0,106.0,668.0,663.0,279.0,206.0,285.0,56.0,444.0,254.0,111.0,281.0,7041
2021-04-06 00:00:00+00:00,2365.0,112.0,2375.0,864.0,624.0,186.0,1326.0,857.0,386.0,202.0,320.0,42.0,904.0,483.0,116.0,350.0,11512
2021-04-07 00:00:00+00:00,4486.0,264.0,4355.0,1733.0,737.0,587.0,3380.0,1779.0,911.0,412.0,480.0,197.0,2110.0,1097.0,468.0,734.0,23730
2021-04-08 00:00:00+00:00,4947.0,263.0,4497.0,2003.0,944.0,862.0,3505.0,2039.0,1071.0,397.0,458.0,236.0,2118.0,1125.0,475.0,825.0,25765
2021-04-09 00:00:00+00:00,4859.0,203.0,3697.0,1885.0,1075.0,655.0,3144.0,1932.0,826.0,356.0,468.0,163.0,1636.0,1004.0,469.0,918.0,23290
2021-04-10 00:00:00+00:00,3944.0,209.0,2964.0,1443.0,490.0,435.0,2746.0,1488.0,694.0,362.0,378.0,116.0,1142.0,684.0,290.0,677.0,18062
2021-04-11 00:00:00+00:00,2086.0,59.0,1897.0,428.0,100.0,301.0,1069.0,436.0,606.0,170.0,296.0,95.0,623.0,299.0,137.0,257.0,8859
2021-04-12 00:00:00+00:00,2762.0,84.0,1815.0,706.0,807.0,211.0,1547.0,941.0,494.0,203.0,290.0,105.0,1095.0,463.0,234.0,365.0,12122
2021-04-13 00:00:00+00:00,5671.0,209.0,4672.0,1916.0,1087.0,611.0,3628.0,2126.0,996.0,422.0,447.0,157.0,2359.0,1009.0,560.0,866.0,26736
2021-04-14 00:00:00+00:00,6177.0,253.0,5241.0,2086.0,1244.0,852.0,3628.0,2078.0,1116.0,373.0,482.0,275.0,2148.0,1239.0,444.0,915.0,28551
2021-04-15 00:00:00+00:00,5578.0,250.0,4467.0,1933.0,1086.0,640.0,3638.0,1708.0,1069.0,344.0,410.0,187.0,1580.0,1003.0,438.0,749.0,25080
2021-04-16 00:00:00+00:00,5262.0,233.0,3908.0,1903.0,937.0,568.0,3227.0,1566.0,1168.0,288.0,432.0,157.0,1391.0,835.0,396.0,810.0,23081
2021-04-17 00:00:00+00:00,4373.0,184.0,3200.0,1332.0,385.0,442.0,2671.0,1431.0,682.0,325.0,278.0,158.0,987.0,538.0,278.0,431.0,17695
2021-04-18 00:00:00+00:00,2326.0,62.0,1788.0,438.0,110.0,233.0,1132.0,608.0,428.0,173.0,266.0,90.0,544.0,284.0,111.0,223.0,8816
2021-04-19 00:00:00+00:00,2966.0,101.0,2054.0,696.0,841.0,262.0,1656.0,790.0,616.0,205.0,245.0,67.0,832.0,478.0,142.0,349.0,12300
2021-04-20 00:00:00+00:00,6320.0,281.0,4838.0,1883.0,1029.0,532.0,4476.0,2115.0,1021.0,412.0,386.0,199.0,2259.0,984.0,535.0,704.0,27974
2021-04-21 00:00:00+00:00,6715.0,322.0,4674.0,2295.0,1066.0,813.0,4422.0,2439.0,1140.0,379.0,448.0,222.0,2041.0,1004.0,472.0,929.0,29381
2021-04-22 00:00:00+00:00,6447.0,244.0,4269.0,1616.0,892.0,506.0,3862.0,1975.0,1067.0,365.0,313.0,210.0,1648.0,874.0,424.0,750.0,25462
2021-04-23 00:00:00+00:00,5580.0,270.0,3292.0,1648.0,814.0,501.0,3576.0,2000.0,1060.0,336.0,294.0,150.0,1637.0,769.0,371.0,673.0,22971
2021-04-24 00:00:00+00:00,4211.0,161.0,3037.0,1381.0,427.0,383.0,2939.0,1460.0,779.0,332.0,285.0,150.0,1080.0,645.0,238.0,522.0,18030
2021-04-25 00:00:00+00:00,2080.0,45.0,1722.0,549.0,97.0,211.0,1274.0,677.0,361.0,115.0,198.0,50.0,579.0,291.0,80.0,337.0,8666
2021-04-26 00:00:00+00:00,3064.0,139.0,1540.0,614.0,925.0,153.0,2098.0,779.0,545.0,169.0,220.0,77.0,1007.0,421.0,103.0,354.0,12208
2021-04-27 00:00:00+00:00,5088.0,283.0,3999.0,1653.0,977.0,514.0,4202.0,2204.0,831.0,368.0,327.0,154.0,2271.0,914.0,602.0,885.0,25272
2021-04-28 00:00:00+00:00,5564.0,297.0,4192.0,1663.0,885.0,619.0,4148.0,1949.0,1197.0,284.0,372.0,190.0,1754.0,875.0,321.0,692.0,25002
2021-04-29 00:00:00+00:00,5179.0,271.0,3267.0,1519.0,777.0,491.0,3495.0,1646.0,953.0,267.0,284.0,154.0,1394.0,839.0,307.0,592.0,21435
2021-04-30 00:00:00+00:00,4444.0,233.0,2687.0,1376.0,676.0,395.0,3272.0,1514.0,686.0,267.0,296.0,94.0,1436.0,854.0,352.0,575.0,19157
2021-05-01 00:00:00+00:00,3808.0,153.0,2361.0,1095.0,216.0,314.0,2479.0,1230.0,668.0,241.0,236.0,167.0,1041.0,524.0,199.0,338.0,15070
2021-05-02 00:00:00+00:00,1796.0,40.0,1224.0,318.0,27.0,168.0,1001.0,403.0,371.0,91.0,171.0,37.0,477.0,289.0,70.0,178.0,6661
2021-05-03 00:00:00+00:00,2447.0,83.0,1054.0,493.0,701.0,126.0,1416.0,521.0,417.0,159.0,229.0,39.0,783.0,388.0,100.0,174.0,9130
2021-05-04 00:00:00+00:00,4348.0,187.0,3336.0,1474.0,787.0,458.0,3534.0,1708.0,718.0,289.0,257.0,153.0,1904.0,808.0,394.0,627.0,20982
2021-05-05 00:00:00+00:00,4777.0,250.0,3343.0,1529.0,750.0,533.0,3294.0,1614.0,806.0,295.0,265.0,163.0,1605.0,785.0,257.0,592.0,20858
2021-05-06 00:00:00+00:00,3910.0,192.0,2627.0,1202.0,600.0,367.0,2979.0,1320.0,761.0,224.0,286.0,102.0,1209.0,671.0,226.0,496.0,17172
2021-05-07 00:00:00+00:00,3631.0,153.0,2438.0,1178.0,607.0,331.0,2483.0,1118.0,636.0,227.0,202.0,81.0,1054.0,611.0,249.0,482.0,15481
2021-05-08 00:00:00+00:00,2844.0,162.0,1945.0,832.0,194.0,252.0,1922.0,1107.0,535.0,212.0,154.0,89.0,844.0,461.0,138.0,353.0,12044
2021-05-09 00:00:00+00:00,1444.0,42.0,991.0,246.0,25.0,136.0,764.0,333.0,267.0,108.0,173.0,36.0,357.0,219.0,55.0,121.0,5317
2021-05-10 00:00:00+00:00,1701.0,64.0,890.0,470.0,556.0,84.0,1277.0,584.0,350.0,129.0,147.0,26.0,574.0,329.0,64.0,147.0,7392
2021-05-11 00:00:00+00:00,3410.0,209.0,2644.0,1201.0,512.0,359.0,2712.0,1552.0,716.0,237.0,188.0,98.0,1447.0,630.0,288.0,552.0,16755
2021-05-12 00:00:00+00:00,3643.0,200.0,2463.0,1180.0,675.0,403.0,2789.0,1441.0,720.0,211.0,192.0,115.0,1147.0,675.0,202.0,426.0,16482
2021-05-13 00:00:00+00:00,2221.0,175.0,1664.0,664.0,126.0,245.0,1653.0,830.0,392.0,149.0,139.0,44.0,586.0,323.0,175.0,283.0,9669
2021-05-14 00:00:00+00:00,1843.0,42.0,1162.0,582.0,433.0,160.0,1187.0,545.0,434.0,99.0,107.0,39.0,424.0,307.0,46.0,225.0,7635
2021-05-15 00:00:00+00:00,2355.0,145.0,1409.0,535.0,177.0,175.0,1284.0,692.0,414.0,151.0,89.0,55.0,518.0,288.0,118.0,194.0,8599
2021-05-16 00:00:00+00:00,1236.0,34.0,921.0,232.0,34.0,86.0,538.0,260.0,219.0,59.0,85.0,41.0,225.0,154.0,48.0,106.0,4278
2021-05-17 00:00:00+00:00,1133.0,49.0,668.0,276.0,413.0,95.0,897.0,429.0,197.0,94.0,82.0,27.0,474.0,262.0,42.0,108.0,5246
2021-05-18 00:00:00+00:00,2527.0,180.0,1873.0,829.0,471.0,249.0,2046.0,1131.0,503.0,203.0,131.0,79.0,1054.0,520.0,236.0,287.0,12319
2021-05-19 00:00:00+00:00,2486.0,147.0,1685.0,904.0,436.0,285.0,1906.0,999.0,487.0,177.0,140.0,90.0,724.0,492.0,96.0,256.0,11310
2021-05-20 00:00:00+00:00,2003.0,136.0,1332.0,609.0,249.0,192.0,1390.0,762.0,410.0,114.0,99.0,62.0,468.0,293.0,106.0,207.0,8432
2021-05-21 00:00:00+00:00,1848.0,135.0,1070.0,540.0,319.0,171.0,1279.0,677.0,360.0,159.0,101.0,44.0,347.0,282.0,79.0,164.0,7575
2021-05-22 00:00:00+00:00,1350.0,120.0,876.0,436.0,104.0,125.0,1053.0,592.0,219.0,102.0,92.0,30.0,326.0,193.0,70.0,128.0,5816
2021-05-23 00:00:00+00:00,515.0,10.0,357.0,93.0,26.0,52.0,390.0,117.0,134.0,34.0,64.0,15.0,58.0,63.0,12.0,60.0,2000
2021-05-24 00:00:00+00:00,553.0,19.0,337.0,69.0,79.0,22.0,274.0,92.0,101.0,74.0,43.0,16.0,32.0,54.0,8.0,30.0,1803
2021-05-25 00:00:00+00:00,827.0,50.0,571.0,200.0,240.0,52.0,539.0,259.0,176.0,53.0,64.0,18.0,353.0,177.0,10.0,82.0,3671
2021-05-26 00:00:00+00:00,1566.0,67.0,1169.0,463.0,296.0,117.0,1170.0,772.0,281.0,110.0,85.0,38.0,509.0,271.0,78.0,158.0,7150
2021-05-27 00:00:00+00:00,1695.0,76.0,1107.0,429.0,266.0,165.0,1125.0,642.0,274.0,80.0,78.0,51.0,420.0,204.0,53.0,154.0,6819
2021-05-28 00:00:00+00:00,1232.0,66.0,727.0,406.0,242.0,72.0,888.0,504.0,227.0,100.0,81.0,35.0,279.0,160.0,58.0,81.0,5158
2021-05-29 00:00:00+00:00,1029.0,52.0,559.0,243.0,63.0,46.0,638.0,297.0,183.0,73.0,51.0,42.0,183.0,109.0,24.0,98.0,3690
2021-05-30 00:00:00+00:00,427.0,12.0,380.0,95.0,8.0,31.0,265.0,97.0,117.0,41.0,20.0,12.0,37.0,32.0,7.0,25.0,1606
2021-05-31 00:00:00+00:00,617.0,24.0,295.0,188.0,201.0,20.0,356.0,186.0,111.0,51.0,73.0,10.0,167.0,90.0,6.0,47.0,2442
2021-06-01 00:00:00+00:00,1227.0,96.0,857.0,354.0,175.0,86.0,795.0,508.0,217.0,65.0,69.0,45.0,289.0,150.0,58.0,117.0,5108
2021-06-02 00:00:00+00:00,1133.0,65.0,679.0,303.0,214.0,79.0,743.0,421.0,256.0,87.0,66.0,19.0,232.0,100.0,21.0,72.0,4490
2021-06-03 00:00:00+00:00,613.0,44.0,404.0,227.0,224.0,61.0,496.0,269.0,142.0,50.0,63.0,41.0,136.0,87.0,13.0,66.0,2936
2021-06-04 00:00:00+00:00,607.0,22.0,317.0,144.0,150.0,41.0,304.0,131.0,137.0,50.0,58.0,24.0,118.0,104.0,22.0,47.0,2276
2021-06-05 00:00:00+00:00,507.0,34.0,450.0,130.0,27.0,23.0,413.0,236.0,124.0,41.0,30.0,18.0,118.0,83.0,16.0,57.0,2307
2021-06-06 00:00:00+00:00,309.0,13.0,224.0,41.0,7.0,25.0,276.0,66.0,57.0,13.0,31.0,11.0,20.0,14.0,3.0,20.0,1130
2021-06-07 00:00:00+00:00,406.0,8.0,281.0,132.0,117.0,20.0,306.0,128.0,105.0,28.0,39.0,2.0,66.0,56.0,9.0,13.0,1716
2021-06-08 00:00:00+00:00,786.0,43.0,746.0,187.0,114.0,36.0,701.0,330.0,140.0,56.0,62.0,32.0,161.0,75.0,16.0,46.0,3531
2021-06-09 00:00:00+00:00,648.0,50.0,552.0,151.0,117.0,34.0,546.0,274.0,170.0,58.0,57.0,12.0,95.0,68.0,13.0,22.0,2867
2021-06-10 00:00:00+00:00,553.0,32.0,419.0,122.0,106.0,21.0,381.0,250.0,122.0,38.0,35.0,21.0,85.0,47.0,17.0,28.0,2277
2021-06-11 00:00:00+00:00,437.0,32.0,288.0,101.0,88.0,20.0,371.0,159.0,95.0,37.0,43.0,20.0,62.0,58.0,12.0,20.0,1843
2021-06-12 00:00:00+00:00,288.0,31.0,252.0,78.0,12.0,30.0,306.0,109.0,54.0,34.0,19.0,6.0,27.0,30.0,11.0,19.0,1306
2021-06-13 00:00:00+00:00,130.0,8.0,117.0,19.0,5.0,13.0,85.0,38.0,36.0,4.0,29.0,4.0,12.0,3.0,3.0,7.0,513
2021-06-14 00:00:00+00:00,278.0,6.0,128.0,51.0,62.0,8.0,150.0,79.0,58.0,11.0,38.0,3.0,31.0,20.0,3.0,6.0,932
2021-06-15 00:00:00+00:00,341.0,33.0,367.0,102.0,60.0,31.0,332.0,123.0,88.0,23.0,50.0,9.0,72.0,43.0,12.0,16.0,1702
2021-06-16 00:00:00+00:00,312.0,23.0,263.0,68.0,66.0,16.0,304.0,146.0,80.0,30.0,26.0,9.0,35.0,39.0,7.0,22.0,1446
2021-06-17 00:00:00+00:00,271.0,14.0,192.0,64.0,28.0,7.0,247.0,119.0,67.0,24.0,46.0,6.0,38.0,16.0,4.0,12.0,1155
2021-06-18 00:00:00+00:00,210.0,23.0,181.0,63.0,50.0,15.0,190.0,100.0,56.0,24.0,42.0,9.0,28.0,25.0,5.0,8.0,1029
2021-06-19 00:00:00+00:00,180.0,19.0,131.0,44.0,17.0,12.0,161.0,60.0,29.0,16.0,19.0,4.0,20.0,14.0,2.0,11.0,739
2021-06-20 00:00:00+00:00,63.0,1.0,85.0,6.0,1.0,3.0,40.0,24.0,22.0,6.0,10.0,3.0,4.0,4.0,2.0,0.0,274
2021-06-21 00:00:00+00:00,133.0,6.0,88.0,34.0,58.0,2.0,102.0,48.0,21.0,16.0,42.0,5.0,27.0,20.0,1.0,2.0,605
2021-06-22 00:00:00+00:00,204.0,16.0,231.0,67.0,44.0,9.0,175.0,99.0,52.0,18.0,43.0,16.0,43.0,20.0,15.0,11.0,1063
2021-06-23 00:00:00+00:00,194.0,13.0,166.0,55.0,53.0,10.0,173.0,92.0,57.0,13.0,26.0,10.0,17.0,15.0,5.0,5.0,904
2021-06-24 00:00:00+00:00,199.0,19.0,151.0,28.0,47.0,18.0,150.0,84.0,40.0,12.0,25.0,9.0,24.0,13.0,2.0,6.0,827
2021-06-25 00:00:00+00:00,169.0,8.0,118.0,37.0,41.0,16.0,156.0,71.0,24.0,16.0,37.0,5.0,20.0,9.0,9.0,2.0,738
2021-06-26 00:00:00+00:00,131.0,6.0,120.0,30.0,8.0,6.0,65.0,62.0,16.0,17.0,7.0,1.0,11.0,3.0,2.0,0.0,485
2021-06-27 00:00:00+00:00,41.0,2.0,61.0,7.0,2.0,1.0,31.0,28.0,21.0,3.0,13.0,1.0,9.0,1.0,2.0,1.0,224
2021-06-28 00:00:00+00:00,108.0,7.0,78.0,36.0,40.0,4.0,80.0,49.0,27.0,17.0,32.0,1.0,27.0,10.0,1.0,5.0,522
2021-06-29 00:00:00+00:00,206.0,11.0,176.0,61.0,45.0,13.0,138.0,92.0,38.0,17.0,31.0,15.0,24.0,23.0,5.0,3.0,898
2021-06-30 00:00:00+00:00,230.0,15.0,139.0,65.0,36.0,10.0,131.0,93.0,48.0,12.0,32.0,11.0,9.0,18.0,6.0,7.0,862
2021-07-01 00:00:00+00:00,157.0,8.0,120.0,44.0,36.0,15.0,96.0,91.0,44.0,14.0,32.0,8.0,22.0,18.0,2.0,3.0,710
2021-07-02 00:00:00+00:00,133.0,16.0,109.0,70.0,38.0,11.0,91.0,89.0,40.0,19.0,24.0,7.0,6.0,9.0,4.0,2.0,668
2021-07-03 00:00:00+00:00,147.0,5.0,90.0,31.0,3.0,4.0,78.0,67.0,25.0,24.0,18.0,5.0,4.0,3.0,2.0,3.0,509
2021-07-04 00:00:00+00:00,74.0,2.0,54.0,14.0,4.0,0.0,21.0,8.0,6.0,5.0,9.0,4.0,3.0,2.0,1.0,1.0,208
2021-07-05 00:00:00+00:00,128.0,3.0,82.0,35.0,72.0,10.0,54.0,54.0,35.0,11.0,38.0,6.0,16.0,8.0,0.0,4.0,556
2021-07-06 00:00:00+00:00,218.0,22.0,170.0,103.0,60.0,22.0,158.0,125.0,71.0,16.0,31.0,14.0,22.0,15.0,3.0,11.0,1061
2021-07-07 00:00:00+00:00,208.0,16.0,182.0,82.0,54.0,13.0,130.0,109.0,52.0,26.0,45.0,14.0,15.0,4.0,6.0,4.0,960
2021-07-08 00:00:00+00:00,240.0,10.0,174.0,87.0,47.0,18.0,139.0,101.0,45.0,17.0,22.0,10.0,19.0,15.0,7.0,6.0,957
2021-07-09 00:00:00+00:00,225.0,13.0,156.0,89.0,65.0,12.0,125.0,125.0,51.0,18.0,33.0,8.0,14.0,3.0,7.0,3.0,947
2021-07-10 00:00:00+00:00,230.0,10.0,138.0,61.0,7.0,17.0,108.0,92.0,34.0,24.0,32.0,8.0,15.0,4.0,3.0,7.0,790
2021-07-11 00:00:00+00:00,97.0,2.0,87.0,32.0,1.0,5.0,26.0,10.0,15.0,7.0,13.0,7.0,4.0,4.0,1.0,0.0,311
2021-07-12 00:00:00+00:00,196.0,4.0,99.0,48.0,107.0,19.0,115.0,55.0,55.0,16.0,38.0,3.0,21.0,11.0,1.0,10.0,798
2021-07-13 00:00:00+00:00,359.0,9.0,340.0,135.0,115.0,35.0,238.0,184.0,121.0,44.0,53.0,23.0,50.0,25.0,18.0,16.0,1765
2021-07-14 00:00:00+00:00,477.0,18.0,233.0,149.0,130.0,24.0,201.0,132.0,86.0,39.0,63.0,11.0,19.0,15.0,12.0,18.0,1627
2021-07-15 00:00:00+00:00,332.0,13.0,264.0,189.0,136.0,29.0,166.0,150.0,78.0,41.0,50.0,19.0,19.0,14.0,6.0,13.0,1519
2021-07-16 00:00:00+00:00,368.0,26.0,251.0,158.0,140.0,28.0,187.0,190.0,84.0,58.0,35.0,17.0,37.0,17.0,8.0,15.0,1619
2021-07-17 00:00:00+00:00,407.0,15.0,187.0,153.0,19.0,14.0,178.0,134.0,47.0,35.0,40.0,13.0,17.0,5.0,9.0,7.0,1280
2021-07-18 00:00:00+00:00,175.0,5.0,94.0,46.0,1.0,9.0,41.0,38.0,18.0,19.0,39.0,1.0,5.0,3.0,1.0,2.0,497
2021-07-19 00:00:00+00:00,353.0,11.0,170.0,133.0,219.0,24.0,118.0,127.0,98.0,39.0,67.0,10.0,21.0,23.0,5.0,11.0,1429
2021-07-20 00:00:00+00:00,550.0,45.0,368.0,246.0,193.0,29.0,283.0,235.0,138.0,65.0,77.0,21.0,38.0,30.0,8.0,12.0,2338
2021-07-21 00:00:00+00:00,551.0,51.0,320.0,279.0,172.0,22.0,296.0,227.0,139.0,53.0,96.0,20.0,30.0,15.0,8.0,16.0,2295
2021-07-22 00:00:00+00:00,614.0,39.0,313.0,247.0,141.0,15.0,263.0,187.0,137.0,92.0,80.0,23.0,29.0,19.0,12.0,14.0,2225
2021-07-23 00:00:00+00:00,559.0,33.0,269.0,252.0,172.0,29.0,210.0,168.0,103.0,75.0,101.0,18.0,58.0,29.0,31.0,10.0,2117
2021-07-24 00:00:00+00:00,452.0,32.0,246.0,128.0,27.0,9.0,217.0,170.0,69.0,86.0,81.0,14.0,24.0,14.0,19.0,5.0,1593
2021-07-25 00:00:00+00:00,166.0,13.0,138.0,41.0,9.0,10.0,66.0,41.0,33.0,23.0,79.0,11.0,4.0,1.0,2.0,2.0,639
2021-07-26 00:00:00+00:00,436.0,15.0,192.0,124.0,250.0,24.0,148.0,105.0,112.0,93.0,74.0,9.0,37.0,19.0,4.0,22.0,1664
2021-07-27 00:00:00+00:00,809.0,48.0,448.0,305.0,208.0,46.0,366.0,264.0,157.0,120.0,109.0,44.0,85.0,22.0,45.0,22.0,3098
2021-07-28 00:00:00+00:00,860.0,40.0,310.0,267.0,206.0,33.0,341.0,273.0,147.0,127.0,97.0,21.0,55.0,17.0,18.0,29.0,2841
2021-07-29 00:00:00+00:00,803.0,43.0,315.0,262.0,207.0,40.0,268.0,207.0,115.0,103.0,135.0,29.0,45.0,24.0,22.0,16.0,2634
2021-07-30 00:00:00+00:00,754.0,22.0,292.0,240.0,183.0,46.0,282.0,197.0,146.0,134.0,89.0,28.0,43.0,17.0,25.0,30.0,2528
2021-07-31 00:00:00+00:00,673.0,41.0,281.0,151.0,26.0,27.0,253.0,125.0,65.0,83.0,121.0,30.0,22.0,23.0,17.0,25.0,1963
2021-08-01 00:00:00+00:00,257.0,9.0,122.0,75.0,14.0,5.0,70.0,47.0,69.0,36.0,49.0,16.0,2.0,4.0,3.0,5.0,783
2021-08-02 00:00:00+00:00,710.0,20.0,189.0,152.0,285.0,31.0,162.0,148.0,92.0,118.0,85.0,11.0,57.0,31.0,10.0,16.0,2117
2021-08-03 00:00:00+00:00,1132.0,80.0,386.0,310.0,286.0,81.0,348.0,308.0,183.0,214.0,168.0,41.0,73.0,30.0,80.0,35.0,3755
2021-08-04 00:00:00+00:00,1068.0,57.0,351.0,288.0,327.0,53.0,400.0,253.0,169.0,204.0,202.0,33.0,49.0,22.0,38.0,31.0,3545
2021-08-05 00:00:00+00:00,1166.0,52.0,346.0,273.0,268.0,53.0,342.0,256.0,142.0,240.0,177.0,35.0,74.0,18.0,59.0,34.0,3535
2021-08-06 00:00:00+00:00,1063.0,67.0,396.0,276.0,229.0,49.0,344.0,239.0,168.0,241.0,254.0,25.0,48.0,31.0,64.0,42.0,3536
2021-08-07 00:00:00+00:00,1071.0,49.0,337.0,165.0,72.0,48.0,308.0,218.0,77.0,148.0,188.0,20.0,46.0,9.0,22.0,14.0,2792
2021-08-08 00:00:00+00:00,351.0,8.0,186.0,78.0,45.0,16.0,86.0,61.0,44.0,87.0,117.0,18.0,16.0,8.0,9.0,8.0,1138
2021-08-09 00:00:00+00:00,919.0,9.0,261.0,164.0,453.0,56.0,255.0,161.0,139.0,165.0,205.0,10.0,57.0,23.0,19.0,31.0,2927
2021-08-10 00:00:00+00:00,1660.0,87.0,708.0,397.0,449.0,107.0,628.0,419.0,220.0,269.0,270.0,53.0,128.0,36.0,79.0,51.0,5561
2021-08-11 00:00:00+00:00,1779.0,77.0,646.0,438.0,506.0,97.0,604.0,449.0,251.0,258.0,276.0,45.0,105.0,32.0,54.0,30.0,5647
2021-08-12 00:00:00+00:00,1890.0,58.0,598.0,342.0,459.0,106.0,566.0,391.0,252.0,221.0,207.0,40.0,145.0,32.0,75.0,58.0,5440
2021-08-13 00:00:00+00:00,2040.0,67.0,604.0,371.0,442.0,81.0,646.0,405.0,223.0,264.0,307.0,57.0,102.0,35.0,103.0,40.0,5787
2021-08-14 00:00:00+00:00,1817.0,74.0,546.0,323.0,109.0,74.0,588.0,375.0,187.0,175.0,176.0,42.0,75.0,13.0,33.0,28.0,4635
2021-08-15 00:00:00+00:00,783.0,27.0,306.0,81.0,52.0,15.0,159.0,119.0,90.0,115.0,201.0,37.0,10.0,5.0,53.0,20.0,2073
2021-08-16 00:00:00+00:00,1495.0,33.0,467.0,266.0,640.0,67.0,381.0,362.0,231.0,164.0,188.0,34.0,94.0,43.0,33.0,28.0,4526
2021-08-17 00:00:00+00:00,2892.0,95.0,1271.0,654.0,552.0,160.0,1090.0,756.0,381.0,287.0,256.0,53.0,162.0,88.0,148.0,69.0,8914
2021-08-18 00:00:00+00:00,3193.0,69.0,1006.0,792.0,507.0,136.0,989.0,659.0,427.0,308.0,287.0,77.0,129.0,50.0,67.0,62.0,8758
2021-08-19 00:00:00+00:00,3774.0,179.0,888.0,558.0,442.0,82.0,929.0,672.0,362.0,204.0,209.0,84.0,109.0,54.0,83.0,59.0,8688
2021-08-20 00:00:00+00:00,3960.0,133.0,897.0,596.0,464.0,104.0,990.0,553.0,375.0,223.0,230.0,47.0,110.0,39.0,68.0,46.0,8835
2021-08-21 00:00:00+00:00,3007.0,96.0,861.0,371.0,100.0,81.0,939.0,561.0,199.0,160.0,180.0,52.0,82.0,33.0,62.0,38.0,6822
2021-08-22 00:00:00+00:00,1350.0,32.0,567.0,135.0,39.0,26.0,249.0,144.0,191.0,80.0,159.0,48.0,22.0,10.0,34.0,14.0,3100
2021-08-23 00:00:00+00:00,2464.0,47.0,834.0,459.0,611.0,54.0,690.0,461.0,352.0,180.0,193.0,33.0,106.0,41.0,11.0,43.0,6579
2021-08-24 00:00:00+00:00,4449.0,143.0,2119.0,878.0,621.0,164.0,1794.0,942.0,549.0,295.0,317.0,84.0,244.0,110.0,106.0,85.0,12900
2021-08-25 00:00:00+00:00,4531.0,165.0,1770.0,1057.0,631.0,163.0,1917.0,869.0,578.0,251.0,275.0,119.0,152.0,95.0,80.0,67.0,12720
2021-08-26 00:00:00+00:00,4247.0,138.0,1708.0,826.0,507.0,116.0,1630.0,949.0,562.0,210.0,293.0,95.0,132.0,90.0,83.0,38.0,11624
2021-08-27 00:00:00+00:00,3748.0,126.0,1344.0,905.0,451.0,113.0,1403.0,759.0,533.0,216.0,283.0,104.0,122.0,100.0,117.0,85.0,10409
2021-08-28 00:00:00+00:00,3116.0,153.0,1349.0,608.0,113.0,60.0,1272.0,658.0,329.0,184.0,201.0,105.0,98.0,47.0,71.0,40.0,8404
2021-08-29 00:00:00+00:00,1418.0,45.0,721.0,190.0,52.0,16.0,409.0,302.0,246.0,80.0,150.0,49.0,33.0,6.0,23.0,4.0,3744
2021-08-30 00:00:00+00:00,2110.0,29.0,997.0,540.0,663.0,106.0,857.0,632.0,419.0,163.0,219.0,49.0,136.0,79.0,43.0,47.0,7089
2021-08-31 00:00:00+00:00,4029.0,218.0,2294.0,1133.0,802.0,205.0,2158.0,1562.0,776.0,304.0,263.0,168.0,283.0,128.0,131.0,126.0,14580
2021-09-01 00:00:00+00:00,4306.0,186.0,2199.0,1234.0,675.0,170.0,2123.0,1590.0,946.0,297.0,308.0,118.0,249.0,139.0,96.0,99.0,14735
2021-09-02 00:00:00+00:00,3806.0,151.0,2031.0,1005.0,478.0,175.0,1794.0,1336.0,801.0,215.0,295.0,111.0,232.0,105.0,94.0,101.0,12730
2021-09-03 00:00:00+00:00,3515.0,136.0,1700.0,1236.0,487.0,167.0,1730.0,1217.0,703.0,244.0,274.0,136.0,177.0,152.0,101.0,96.0,12071
2021-09-04 00:00:00+00:00,2675.0,175.0,1483.0,784.0,152.0,111.0,1596.0,915.0,570.0,206.0,212.0,180.0,195.0,81.0,82.0,69.0,9486
2021-09-05 00:00:00+00:00,1246.0,68.0,904.0,264.0,41.0,37.0,564.0,304.0,258.0,60.0,145.0,31.0,40.0,38.0,35.0,16.0,4051
2021-09-06 00:00:00+00:00,1886.0,28.0,997.0,548.0,718.0,136.0,749.0,627.0,457.0,171.0,243.0,41.0,208.0,117.0,22.0,69.0,7017
2021-09-07 00:00:00+00:00,3532.0,150.0,2596.0,1411.0,662.0,227.0,2317.0,1530.0,888.0,252.0,309.0,183.0,529.0,234.0,174.0,133.0,15127
2021-09-08 00:00:00+00:00,3807.0,201.0,2287.0,1262.0,673.0,209.0,2143.0,1338.0,855.0,234.0,252.0,151.0,306.0,204.0,117.0,120.0,14159
2021-09-09 00:00:00+00:00,3321.0,93.0,2184.0,1102.0,585.0,208.0,1813.0,1179.0,669.0,202.0,244.0,127.0,286.0,167.0,120.0,90.0,12390
2021-09-10 00:00:00+00:00,2868.0,103.0,1772.0,938.0,551.0,214.0,1793.0,1027.0,667.0,185.0,232.0,141.0,245.0,163.0,96.0,140.0,11135
2021-09-11 00:00:00+00:00,2315.0,129.0,1696.0,744.0,109.0,126.0,1343.0,815.0,410.0,160.0,148.0,109.0,220.0,94.0,74.0,75.0,8567
2021-09-12 00:00:00+00:00,863.0,20.0,944.0,188.0,16.0,41.0,437.0,250.0,131.0,70.0,140.0,49.0,59.0,32.0,19.0,20.0,3279
2021-09-13 00:00:00+00:00,1797.0,26.0,994.0,458.0,722.0,118.0,1003.0,519.0,427.0,149.0,150.0,41.0,211.0,152.0,41.0,71.0,6879
2021-09-14 00:00:00+00:00,2794.0,153.0,2473.0,1181.0,635.0,231.0,2462.0,1111.0,675.0,199.0,250.0,178.0,435.0,255.0,158.0,200.0,13390
2021-09-15 00:00:00+00:00,2418.0,129.0,2605.0,924.0,643.0,234.0,2314.0,1026.0,569.0,231.0,249.0,128.0,302.0,194.0,85.0,177.0,12228
2021-09-16 00:00:00+00:00,2280.0,108.0,2055.0,762.0,471.0,177.0,1721.0,930.0,598.0,187.0,169.0,99.0,255.0,233.0,77.0,140.0,10262
2021-09-17 00:00:00+00:00,2027.0,88.0,1694.0,707.0,426.0,171.0,1561.0,683.0,452.0,166.0,165.0,117.0,260.0,170.0,72.0,135.0,8894
2021-09-18 00:00:00+00:00,1536.0,98.0,1574.0,590.0,99.0,110.0,1268.0,589.0,307.0,87.0,148.0,100.0,191.0,175.0,57.0,110.0,7039
2021-09-19 00:00:00+00:00,651.0,13.0,855.0,156.0,14.0,36.0,348.0,165.0,167.0,41.0,85.0,92.0,72.0,42.0,21.0,21.0,2779
2021-09-20 00:00:00+00:00,1202.0,23.0,1067.0,347.0,593.0,112.0,779.0,404.0,290.0,88.0,146.0,25.0,197.0,21.0,21.0,97.0,5412
2021-09-21 00:00:00+00:00,2172.0,147.0,2340.0,779.0,510.0,230.0,2074.0,940.0,584.0,208.0,221.0,169.0,434.0,126.0,125.0,195.0,11254
2021-09-22 00:00:00+00:00,2151.0,121.0,2077.0,884.0,574.0,163.0,1843.0,795.0,480.0,181.0,202.0,137.0,292.0,314.0,77.0,165.0,10456
2021-09-23 00:00:00+00:00,1772.0,125.0,1850.0,629.0,418.0,169.0,1691.0,778.0,388.0,148.0,182.0,121.0,312.0,301.0,92.0,109.0,9085
2021-09-24 00:00:00+00:00,1752.0,80.0,1660.0,556.0,472.0,144.0,1363.0,660.0,423.0,160.0,180.0,160.0,339.0,224.0,111.0,123.0,8407
2021-09-25 00:00:00+00:00,1375.0,56.0,1525.0,475.0,84.0,101.0,1169.0,491.0,230.0,82.0,111.0,87.0,201.0,175.0,97.0,92.0,6351
2021-09-26 00:00:00+00:00,502.0,19.0,915.0,117.0,27.0,34.0,374.0,178.0,120.0,22.0,119.0,59.0,52.0,41.0,31.0,32.0,2642
2021-09-27 00:00:00+00:00,995.0,25.0,1097.0,376.0,598.0,101.0,945.0,417.0,296.0,94.0,154.0,32.0,324.0,189.0,37.0,86.0,5766
2021-09-28 00:00:00+00:00,1976.0,120.0,2773.0,922.0,585.0,258.0,2323.0,978.0,517.0,212.0,242.0,190.0,727.0,318.0,213.0,297.0,12651
2021-09-29 00:00:00+00:00,2125.0,81.0,2431.0,760.0,692.0,219.0,1963.0,832.0,450.0,149.0,274.0,144.0,573.0,375.0,160.0,155.0,11383
2021-09-30 00:00:00+00:00,1741.0,77.0,2020.0,656.0,499.0,187.0,1510.0,732.0,416.0,153.0,209.0,148.0,537.0,301.0,145.0,166.0,9497
2021-10-01 00:00:00+00:00,1438.0,54.0,1874.0,597.0,484.0,144.0,1425.0,569.0,323.0,140.0,194.0,113.0,480.0,247.0,142.0,165.0,8389
2021-10-02 00:00:00+00:00,1150.0,58.0,1526.0,374.0,82.0,135.0,1107.0,438.0,245.0,61.0,182.0,83.0,340.0,172.0,105.0,95.0,6153
2021-10-03 00:00:00+00:00,352.0,18.0,929.0,123.0,60.0,69.0,421.0,165.0,102.0,41.0,132.0,49.0,62.0,73.0,16.0,39.0,2651
2021-10-04 00:00:00+00:00,948.0,20.0,1033.0,356.0,620.0,78.0,976.0,444.0,205.0,107.0,138.0,42.0,362.0,228.0,33.0,77.0,5667
2021-10-05 00:00:00+00:00,1877.0,88.0,2701.0,749.0,665.0,267.0,2048.0,898.0,543.0,184.0,189.0,145.0,979.0,382.0,227.0,274.0,12216
2021-10-06 00:00:00+00:00,1919.0,84.0,2329.0,732.0,597.0,307.0,1939.0,754.0,445.0,133.0,210.0,158.0,775.0,414.0,110.0,203.0,11109
2021-10-07 00:00:00+00:00,1775.0,75.0,2197.0,572.0,525.0,201.0,1693.0,748.0,456.0,129.0,169.0,123.0,632.0,424.0,175.0,242.0,10136
2021-10-08 00:00:00+00:00,1581.0,95.0,1921.0,527.0,533.0,238.0,1570.0,588.0,429.0,147.0,194.0,96.0,618.0,351.0,116.0,212.0,9216
2021-10-09 00:00:00+00:00,1282.0,78.0,1739.0,370.0,127.0,148.0,1316.0,495.0,281.0,80.0,71.0,87.0,449.0,257.0,109.0,134.0,7023
2021-10-10 00:00:00+00:00,345.0,21.0,943.0,193.0,27.0,48.0,388.0,130.0,111.0,35.0,109.0,34.0,85.0,65.0,66.0,36.0,2636
2021-10-11 00:00:00+00:00,929.0,42.0,1098.0,437.0,670.0,118.0,908.0,480.0,250.0,104.0,187.0,31.0,603.0,252.0,48.0,96.0,6253
2021-10-12 00:00:00+00:00,1649.0,145.0,2894.0,802.0,705.0,294.0,2308.0,585.0,525.0,137.0,188.0,111.0,1156.0,550.0,242.0,350.0,12641
2021-10-13 00:00:00+00:00,1645.0,149.0,2918.0,827.0,618.0,316.0,2074.0,682.0,352.0,169.0,203.0,90.0,948.0,590.0,199.0,292.0,12072
2021-10-14 00:00:00+00:00,1585.0,85.0,2777.0,743.0,527.0,249.0,2031.0,617.0,431.0,137.0,202.0,93.0,845.0,597.0,154.0,263.0,11336
2021-10-15 00:00:00+00:00,1487.0,83.0,2767.0,626.0,625.0,238.0,1830.0,687.0,440.0,142.0,202.0,79.0,977.0,508.0,178.0,282.0,11151
2021-10-16 00:00:00+00:00,1320.0,88.0,2264.0,490.0,203.0,211.0,1564.0,500.0,173.0,118.0,154.0,57.0,666.0,380.0,99.0,202.0,8489
2021-10-17 00:00:00+00:00,455.0,24.0,1263.0,110.0,73.0,58.0,499.0,144.0,88.0,43.0,128.0,51.0,161.0,155.0,46.0,113.0,3411
2021-10-18 00:00:00+00:00,1110.0,27.0,1612.0,513.0,857.0,180.0,1124.0,450.0,357.0,241.0,216.0,14.0,745.0,488.0,112.0,98.0,8144
2021-10-19 00:00:00+00:00,2372.0,113.0,5100.0,1050.0,850.0,542.0,3347.0,989.0,552.0,351.0,390.0,93.0,1718.0,875.0,305.0,514.0,19161
2021-10-20 00:00:00+00:00,2380.0,96.0,4701.0,1053.0,977.0,398.0,3147.0,967.0,561.0,310.0,336.0,106.0,1510.0,861.0,216.0,369.0,17988
2021-10-21 00:00:00+00:00,2351.0,89.0,4625.0,913.0,767.0,459.0,2847.0,881.0,596.0,260.0,336.0,84.0,1513.0,954.0,204.0,414.0,17293
2021-10-22 00:00:00+00:00,2313.0,87.0,4374.0,833.0,731.0,335.0,2666.0,917.0,587.0,278.0,315.0,72.0,1664.0,845.0,186.0,464.0,16667
2021-10-23 00:00:00+00:00,2050.0,91.0,3789.0,600.0,264.0,280.0,2369.0,774.0,324.0,206.0,283.0,54.0,1141.0,644.0,114.0,315.0,13298
2021-10-24 00:00:00+00:00,601.0,21.0,1996.0,185.0,43.0,89.0,742.0,217.0,178.0,82.0,183.0,29.0,402.0,239.0,76.0,94.0,5177
2021-10-25 00:00:00+00:00,1777.0,34.0,2254.0,701.0,917.0,321.0,1764.0,898.0,413.0,244.0,188.0,32.0,1125.0,809.0,118.0,271.0,11866
2021-10-26 00:00:00+00:00,3841.0,107.0,6706.0,1275.0,1193.0,746.0,4487.0,1543.0,885.0,449.0,397.0,123.0,2701.0,1002.0,399.0,515.0,26369
2021-10-27 00:00:00+00:00,4470.0,171.0,6930.0,1407.0,1206.0,662.0,4335.0,1597.0,889.0,346.0,409.0,114.0,2477.0,1449.0,264.0,586.0,27312
2021-10-28 00:00:00+00:00,3708.0,136.0,6557.0,1128.0,1025.0,547.0,3941.0,1372.0,806.0,363.0,374.0,103.0,2191.0,1316.0,297.0,486.0,24350
2021-10-29 00:00:00+00:00,3279.0,128.0,5852.0,1068.0,979.0,525.0,3859.0,1324.0,817.0,344.0,394.0,84.0,1954.0,1064.0,316.0,601.0,22588
2021-10-30 00:00:00+00:00,2599.0,109.0,4883.0,738.0,272.0,402.0,3140.0,1088.0,371.0,269.0,310.0,91.0,1411.0,747.0,214.0,443.0,17087
2021-10-31 00:00:00+00:00,856.0,31.0,3044.0,213.0,115.0,239.0,1006.0,327.0,206.0,111.0,271.0,33.0,489.0,296.0,97.0,125.0,7459
2021-11-01 00:00:00+00:00,1012.0,51.0,2061.0,857.0,1240.0,333.0,999.0,944.0,170.0,213.0,235.0,33.0,1889.0,930.0,137.0,382.0,11486
2021-11-02 00:00:00+00:00,2294.0,64.0,3941.0,1628.0,1399.0,1132.0,2429.0,1786.0,761.0,461.0,434.0,128.0,4720.0,1689.0,490.0,1039.0,24395
2021-11-03 00:00:00+00:00,4928.0,235.0,9273.0,2029.0,1586.0,1078.0,5928.0,1732.0,1211.0,381.0,570.0,97.0,3852.0,1940.0,457.0,831.0,36128
2021-11-04 00:00:00+00:00,5359.0,282.0,9577.0,1479.0,1593.0,1166.0,6154.0,1681.0,1359.0,361.0,482.0,94.0,3815.0,1831.0,451.0,792.0,36476
2021-11-05 00:00:00+00:00,4364.0,193.0,9314.0,1470.0,1383.0,1195.0,5715.0,1865.0,1206.0,437.0,447.0,107.0,3410.0,1381.0,499.0,757.0,33743
2021-11-06 00:00:00+00:00,3659.0,215.0,6798.0,918.0,265.0,822.0,4169.0,1194.0,651.0,253.0,341.0,98.0,2485.0,1052.0,298.0,558.0,23776
2021-11-07 00:00:00+00:00,1395.0,49.0,4719.0,241.0,130.0,381.0,1642.0,520.0,360.0,128.0,232.0,41.0,1109.0,474.0,163.0,291.0,11875
2021-11-08 00:00:00+00:00,2524.0,65.0,5271.0,982.0,2211.0,648.0,4296.0,1203.0,863.0,293.0,399.0,27.0,3285.0,1294.0,234.0,692.0,24287
2021-11-09 00:00:00+00:00,5862.0,334.0,11695.0,1920.0,2058.0,1589.0,7987.0,2058.0,1449.0,606.0,594.0,160.0,6690.0,1967.0,838.0,1354.0,47161
2021-11-10 00:00:00+00:00,5955.0,362.0,13718.0,2286.0,2721.0,1891.0,8496.0,2281.0,1421.0,560.0,585.0,99.0,6249.0,2346.0,603.0,1313.0,50886
2021-11-11 00:00:00+00:00,5749.0,300.0,13602.0,2119.0,2112.0,2075.0,7859.0,2128.0,1411.0,502.0,579.0,140.0,6768.0,2419.0,539.0,1478.0,49780
2021-11-12 00:00:00+00:00,5250.0,330.0,12448.0,1863.0,2051.0,1727.0,7633.0,2068.0,1163.0,471.0,593.0,129.0,6563.0,1857.0,554.0,1380.0,46080
2021-11-13 00:00:00+00:00,4401.0,359.0,9735.0,1505.0,621.0,1257.0,5460.0,1639.0,925.0,383.0,354.0,82.0,4515.0,1225.0,472.0,1096.0,34029
2021-11-14 00:00:00+00:00,1990.0,110.0,8331.0,365.0,292.0,665.0,2567.0,705.0,311.0,164.0,354.0,119.0,1889.0,685.0,180.0,353.0,19080
2021-11-15 00:00:00+00:00,3788.0,136.0,7952.0,1337.0,2841.0,1355.0,4906.0,1544.0,1078.0,436.0,476.0,49.0,5758.0,1625.0,297.0,1018.0,34596
2021-11-16 00:00:00+00:00,7712.0,634.0,15674.0,2841.0,2846.0,2650.0,8993.0,2786.0,1945.0,657.0,640.0,159.0,10141.0,2470.0,922.0,1960.0,63030
2021-11-17 00:00:00+00:00,7518.0,604.0,18272.0,2807.0,2859.0,2921.0,9955.0,2789.0,1939.0,843.0,676.0,230.0,5820.0,2478.0,934.0,2559.0,63204
2021-11-18 00:00:00+00:00,7379.0,659.0,15123.0,2943.0,2392.0,3109.0,9917.0,2570.0,1883.0,680.0,673.0,187.0,7779.0,2886.0,825.0,2256.0,61261
2021-11-19 00:00:00+00:00,8188.0,597.0,14763.0,2726.0,2082.0,2721.0,8843.0,2568.0,1947.0,780.0,639.0,226.0,10676.0,2387.0,1018.0,2365.0,62526
2021-11-20 00:00:00+00:00,6204.0,641.0,9991.0,1952.0,455.0,1489.0,6791.0,2186.0,1252.0,427.0,529.0,272.0,6132.0,1654.0,647.0,1714.0,42336
2021-11-21 00:00:00+00:00,3312.0,174.0,7757.0,632.0,288.0,941.0,3420.0,1060.0,775.0,211.0,440.0,86.0,3141.0,1109.0,246.0,1184.0,24776
2021-11-22 00:00:00+00:00,6427.0,275.0,8136.0,1824.0,3132.0,2061.0,6307.0,2115.0,1849.0,642.0,535.0,83.0,7888.0,2639.0,629.0,2104.0,46646
2021-11-23 00:00:00+00:00,8887.0,967.0,16120.0,3744.0,2656.0,3424.0,10991.0,3423.0,2459.0,826.0,803.0,278.0,11460.0,3330.0,1634.0,3532.0,74534
2021-11-24 00:00:00+00:00,10296.0,896.0,17243.0,3498.0,2841.0,3984.0,10525.0,3106.0,2466.0,875.0,899.0,177.0,11045.0,3780.0,1061.0,3023.0,75715
2021-11-25 00:00:00+00:00,9458.0,757.0,15247.0,3341.0,2574.0,3834.0,11103.0,3390.0,2572.0,738.0,749.0,366.0,9773.0,3459.0,1417.0,3130.0,71908
2021-11-26 00:00:00+00:00,8992.0,628.0,12130.0,3025.0,2625.0,3064.0,10275.0,2896.0,2564.0,739.0,682.0,250.0,8662.0,3326.0,1138.0,3060.0,64056
2021-11-27 00:00:00+00:00,6590.0,609.0,9844.0,2080.0,728.0,2093.0,7160.0,2128.0,1390.0,535.0,550.0,201.0,6336.0,1909.0,718.0,2058.0,44929
2021-11-28 00:00:00+00:00,3453.0,207.0,6573.0,953.0,402.0,926.0,3499.0,1126.0,514.0,196.0,359.0,112.0,4493.0,1451.0,259.0,1016.0,25539
2021-11-29 00:00:00+00:00,6379.0,265.0,6178.0,1768.0,2827.0,2038.0,6378.0,1822.0,2085.0,567.0,543.0,91.0,7404.0,3536.0,408.0,2122.0,44411
2021-11-30 00:00:00+00:00,9940.0,679.0,14026.0,3511.0,2701.0,3476.0,11568.0,3611.0,2521.0,867.0,734.0,244.0,10598.0,4022.0,1523.0,3581.0,73602
2021-12-01 00:00:00+00:00,9741.0,891.0,14646.0,3509.0,2246.0,3563.0,11595.0,3377.0,2779.0,824.0,891.0,286.0,10309.0,4132.0,1529.0,3698.0,74016
2021-12-02 00:00:00+00:00,9904.0,724.0,12785.0,2941.0,2552.0,3163.0,10742.0,2890.0,2962.0,704.0,790.0,191.0,8615.0,3994.0,1376.0,3736.0,68069
2021-12-03 00:00:00+00:00,8980.0,641.0,9884.0,2878.0,2260.0,2949.0,10590.0,2895.0,2443.0,690.0,688.0,264.0,8842.0,3371.0,1210.0,3966.0,62551
2021-12-04 00:00:00+00:00,7055.0,536.0,8644.0,1905.0,656.0,1659.0,6492.0,2241.0,1277.0,363.0,488.0,250.0,5538.0,2145.0,772.0,2509.0,42530
2021-12-05 00:00:00+00:00,3805.0,238.0,5055.0,795.0,344.0,569.0,3323.0,940.0,561.0,226.0,471.0,118.0,3535.0,1322.0,287.0,1510.0,23099
2021-12-06 00:00:00+00:00,7431.0,230.0,5210.0,1871.0,2650.0,2059.0,6018.0,1947.0,1771.0,673.0,620.0,106.0,6201.0,3147.0,457.0,2150.0,42541
2021-12-07 00:00:00+00:00,9912.0,748.0,11084.0,3356.0,2507.0,3747.0,11176.0,3276.0,2305.0,939.0,715.0,283.0,9411.0,4085.0,1531.0,4256.0,69331
2021-12-08 00:00:00+00:00,9851.0,779.0,11662.0,3239.0,2580.0,3371.0,10897.0,3334.0,2487.0,876.0,864.0,340.0,7605.0,4514.0,1275.0,3567.0,67241
2021-12-09 00:00:00+00:00,8773.0,656.0,8775.0,2866.0,2057.0,3224.0,8490.0,2756.0,2237.0,807.0,877.0,201.0,7314.0,3800.0,1265.0,3620.0,57718
2021-12-10 00:00:00+00:00,8943.0,518.0,7319.0,2506.0,1627.0,2437.0,7699.0,2661.0,1878.0,747.0,735.0,249.0,6485.0,3181.0,1292.0,2878.0,51155
2021-12-11 00:00:00+00:00,5512.0,508.0,6070.0,1691.0,393.0,1454.0,5357.0,2002.0,984.0,529.0,553.0,152.0,4598.0,2235.0,946.0,1688.0,34672
2021-12-12 00:00:00+00:00,2427.0,123.0,3331.0,413.0,199.0,715.0,2291.0,871.0,456.0,207.0,575.0,156.0,1354.0,1309.0,319.0,797.0,15543
2021-12-13 00:00:00+00:00,5442.0,167.0,3311.0,1554.0,2596.0,1865.0,3921.0,1444.0,1294.0,605.0,663.0,178.0,3767.0,2574.0,373.0,1862.0,31616
2021-12-14 00:00:00+00:00,9421.0,623.0,8853.0,2937.0,2279.0,3284.0,8901.0,2677.0,2209.0,984.0,1016.0,296.0,8009.0,3637.0,1923.0,3183.0,60232
2021-12-15 00:00:00+00:00,7746.0,599.0,7169.0,3377.0,2215.0,2907.0,7686.0,2763.0,1800.0,899.0,1030.0,366.0,5900.0,3341.0,1156.0,3480.0,52434
2021-12-16 00:00:00+00:00,8035.0,400.0,6580.0,2412.0,2411.0,2731.0,6842.0,2109.0,1613.0,849.0,1149.0,354.0,4777.0,3121.0,1304.0,2612.0,47299
2021-12-17 00:00:00+00:00,6581.0,414.0,5649.0,2308.0,2104.0,2408.0,5786.0,2025.0,1335.0,864.0,1027.0,338.0,4325.0,2546.0,1109.0,2446.0,41265
2021-12-18 00:00:00+00:00,4896.0,413.0,4442.0,1747.0,526.0,1713.0,4171.0,1845.0,789.0,532.0,597.0,202.0,2949.0,1763.0,657.0,1296.0,28538
2021-12-19 00:00:00+00:00,2182.0,94.0,2270.0,480.0,257.0,741.0,1827.0,687.0,316.0,240.0,568.0,153.0,931.0,690.0,281.0,512.0,12229
2021-12-20 00:00:00+00:00,5022.0,125.0,2334.0,1385.0,3004.0,1468.0,3105.0,1310.0,1044.0,597.0,1339.0,198.0,2490.0,1935.0,335.0,1272.0,26963
2021-12-21 00:00:00+00:00,7340.0,444.0,6739.0,2591.0,2556.0,2637.0,6297.0,2461.0,1627.0,935.0,1144.0,328.0,6039.0,3037.0,1468.0,2638.0,48281
2021-12-22 00:00:00+00:00,7116.0,382.0,5186.0,2186.0,2284.0,2379.0,5623.0,2453.0,1345.0,760.0,1177.0,441.0,3669.0,2723.0,1228.0,1994.0,40946
2021-12-23 00:00:00+00:00,6636.0,331.0,4579.0,2123.0,1872.0,2008.0,4823.0,1972.0,1211.0,873.0,1021.0,330.0,2909.0,1995.0,848.0,1463.0,34994
2021-12-24 00:00:00+00:00,3994.0,270.0,3404.0,1467.0,642.0,835.0,3153.0,1556.0,610.0,439.0,762.0,153.0,2044.0,1259.0,522.0,795.0,21905
2021-12-25 00:00:00+00:00,1946.0,122.0,1662.0,449.0,720.0,417.0,1340.0,668.0,222.0,359.0,629.0,239.0,455.0,413.0,245.0,541.0,10427
2021-12-26 00:00:00+00:00,2445.0,122.0,2025.0,523.0,473.0,379.0,1038.0,700.0,249.0,328.0,349.0,174.0,649.0,412.0,184.0,374.0,10424
2021-12-27 00:00:00+00:00,4815.0,159.0,2515.0,1408.0,2418.0,1395.0,2896.0,1491.0,995.0,723.0,1106.0,148.0,2338.0,1014.0,335.0,741.0,24497
2021-12-28 00:00:00+00:00,7256.0,375.0,5659.0,2927.0,2427.0,2329.0,6379.0,2888.0,1567.0,1233.0,1444.0,473.0,3577.0,2132.0,1068.0,1618.0,43352
2021-12-29 00:00:00+00:00,7658.0,407.0,5032.0,3497.0,2496.0,2097.0,5729.0,2731.0,1363.0,1442.0,1622.0,393.0,2661.0,2168.0,918.0,1466.0,41680
2021-12-30 00:00:00+00:00,8093.0,363.0,4818.0,3176.0,2514.0,1902.0,5374.0,2955.0,1541.0,1973.0,1634.0,697.0,2516.0,1722.0,930.0,1239.0,41447
2021-12-31 00:00:00+00:00,6302.0,373.0,3623.0,2220.0,1054.0,917.0,4238.0,2054.0,827.0,1529.0,1031.0,614.0,1727.0,1055.0,672.0,738.0,28974
2022-01-01 00:00:00+00:00,2908.0,213.0,2315.0,966.0,327.0,518.0,1692.0,1078.0,428.0,954.0,813.0,416.0,646.0,329.0,262.0,369.0,14234
2022-01-02 00:00:00+00:00,3315.0,189.0,2360.0,547.0,744.0,199.0,1553.0,1054.0,588.0,980.0,980.0,503.0,641.0,298.0,291.0,324.0,14566
2022-01-03 00:00:00+00:00,7286.0,222.0,3991.0,2179.0,3715.0,1715.0,3786.0,2656.0,1518.0,1841.0,1540.0,565.0,2286.0,1273.0,479.0,831.0,35883
2022-01-04 00:00:00+00:00,12410.0,717.0,7887.0,4693.0,4477.0,3346.0,8166.0,4675.0,2827.0,2866.0,2299.0,911.0,3985.0,2022.0,1623.0,1621.0,64525
2022-01-05 00:00:00+00:00,13445.0,611.0,8383.0,5078.0,5538.0,2885.0,7503.0,4713.0,2640.0,3059.0,2450.0,1450.0,2361.0,1531.0,1426.0,1493.0,64566
2022-01-06 00:00:00+00:00,12746.0,705.0,6130.0,5010.0,6131.0,2128.0,4412.0,4258.0,2691.0,3873.0,2142.0,1212.0,1855.0,1194.0,1195.0,685.0,56367
2022-01-07 00:00:00+00:00,12721.0,532.0,6722.0,4540.0,5946.0,1773.0,5323.0,4256.0,2115.0,3437.0,2523.0,2001.0,1574.0,833.0,1050.0,660.0,56006
2022-01-08 00:00:00+00:00,8077.0,573.0,6734.0,3276.0,1977.0,958.0,5193.0,3019.0,1232.0,1349.0,1178.0,483.0,1182.0,630.0,649.0,541.0,37051
2022-01-09 00:00:00+00:00,5094.0,308.0,5008.0,1463.0,876.0,513.0,3421.0,1801.0,766.0,1246.0,1370.0,489.0,375.0,304.0,358.0,345.0,23737
2022-01-10 00:00:00+00:00,11542.0,281.0,7461.0,3611.0,6990.0,1452.0,6404.0,3834.0,1980.0,2752.0,2326.0,1877.0,1401.0,525.0,490.0,845.0,53771
2022-01-11 00:00:00+00:00,17378.0,746.0,13561.0,6521.0,7313.0,2836.0,12458.0,7323.0,3177.0,4030.0,2679.0,1570.0,2332.0,1060.0,1760.0,1365.0,86109
2022-01-12 00:00:00+00:00,18288.0,810.0,14664.0,6714.0,7851.0,3028.0,12290.0,7364.0,3121.0,3340.0,3908.0,2080.0,1832.0,821.0,1300.0,1051.0,88462
2022-01-13 00:00:00+00:00,18003.0,890.0,12734.0,6622.0,6878.0,2709.0,11605.0,7636.0,3190.0,3901.0,3869.0,1543.0,1598.0,739.0,1259.0,956.0,84132
2022-01-14 00:00:00+00:00,18531.0,755.0,11732.0,6450.0,6410.0,2993.0,9878.0,7943.0,3080.0,3500.0,3330.0,1546.0,1856.0,643.0,1194.0,941.0,80782
2022-01-15 00:00:00+00:00,14276.0,752.0,10455.0,5291.0,1939.0,1636.0,6826.0,4691.0,1982.0,2517.0,2831.0,474.0,1239.0,385.0,1200.0,683.0,57177
2022-01-16 00:00:00+00:00,8683.0,461.0,7113.0,2437.0,1404.0,675.0,3857.0,3364.0,847.0,1974.0,2833.0,393.0,679.0,191.0,368.0,364.0,35643
2022-01-17 00:00:00+00:00,19729.0,411.0,12428.0,4997.0,8585.0,3283.0,9395.0,6849.0,3765.0,3259.0,4414.0,1518.0,2150.0,643.0,590.0,785.0,82801
2022-01-18 00:00:00+00:00,27167.0,1112.0,20759.0,9556.0,10131.0,4615.0,17046.0,9181.0,4802.0,5303.0,5543.0,1709.0,3636.0,1330.0,2778.0,2100.0,126768
2022-01-19 00:00:00+00:00,30737.0,1527.0,22378.0,11234.0,12712.0,6164.0,16884.0,11234.0,5552.0,4659.0,6421.0,2070.0,3108.0,1269.0,2449.0,1804.0,140202
2022-01-20 00:00:00+00:00,30129.0,1873.0,23964.0,11183.0,13053.0,6343.0,17778.0,12680.0,6369.0,5034.0,6762.0,1070.0,2990.0,1230.0,2166.0,1890.0,144514
2022-01-21 00:00:00+00:00,33894.0,1399.0,21446.0,11848.0,12081.0,5555.0,18933.0,11441.0,5914.0,4873.0,6086.0,2140.0,2950.0,1094.0,2433.0,1832.0,143919
2022-01-22 00:00:00+00:00,24884.0,1399.0,18722.0,8390.0,3159.0,2905.0,12670.0,7824.0,3464.0,2853.0,3531.0,640.0,1987.0,775.0,1821.0,1061.0,96085
2022-01-23 00:00:00+00:00,15205.0,754.0,14176.0,4203.0,1291.0,1425.0,7677.0,5843.0,1746.0,2723.0,4388.0,362.0,767.0,176.0,519.0,515.0,61770
2022-01-24 00:00:00+00:00,36096.0,682.0,21387.0,8901.0,14343.0,5016.0,14444.0,12178.0,5613.0,4308.0,6447.0,2539.0,3405.0,970.0,1157.0,1585.0,139071
2022-01-25 00:00:00+00:00,44787.0,2024.0,33188.0,14475.0,15176.0,6853.0,23678.0,15542.0,7196.0,5884.0,7097.0,2140.0,6097.0,1965.0,4143.0,2992.0,193237
2022-01-26 00:00:00+00:00,48708.0,2016.0,30902.0,13668.0,14134.0,6989.0,24392.0,16852.0,8007.0,4943.0,7797.0,1704.0,5515.0,1911.0,3187.0,3593.0,194318
2022-01-27 00:00:00+00:00,48407.0,2191.0,33863.0,15751.0,12894.0,6600.0,25574.0,17626.0,8233.0,4974.0,7378.0,1619.0,4853.0,1851.0,3074.0,3676.0,198564
2022-01-28 00:00:00+00:00,44728.0,1863.0,35133.0,14159.0,10853.0,6646.0,25264.0,16192.0,7624.0,4001.0,6521.0,1645.0,4947.0,1527.0,2953.0,3343.0,187399
2022-01-29 00:00:00+00:00,31226.0,1621.0,26587.0,10080.0,3401.0,4137.0,16692.0,10415.0,3940.0,2915.0,2930.0,560.0,3537.0,1307.0,2306.0,2118.0,123772
2022-01-30 00:00:00+00:00,20312.0,1130.0,18895.0,4487.0,1077.0,1606.0,9698.0,6940.0,2090.0,1555.0,2238.0,703.0,1155.0,573.0,672.0,1027.0,74158
2022-01-31 00:00:00+00:00,38090.0,1094.0,24035.0,10819.0,12522.0,6228.0,20427.0,16530.0,7461.0,3664.0,5439.0,1555.0,4758.0,1220.0,1791.0,2610.0,158243
2022-02-01 00:00:00+00:00,51193.0,2469.0,42203.0,16939.0,14971.0,9121.0,29934.0,18089.0,9556.0,4887.0,7115.0,1333.0,9745.0,3022.0,4436.0,4936.0,229949
2022-02-02 00:00:00+00:00,54284.0,2968.0,47488.0,17822.0,13643.0,8928.0,32160.0,19366.0,9355.0,5012.0,6520.0,1673.0,7631.0,3338.0,3749.0,5171.0,239108
2022-02-03 00:00:00+00:00,53299.0,2408.0,46605.0,17897.0,12623.0,8015.0,34210.0,20296.0,9524.0,5250.0,5517.0,1831.0,7467.0,2987.0,3855.0,5008.0,236792
2022-02-04 00:00:00+00:00,49940.0,2324.0,39049.0,17824.0,8596.0,7016.0,30336.0,16971.0,8619.0,4192.0,5201.0,1352.0,6757.0,2699.0,3565.0,5255.0,209696
2022-02-05 00:00:00+00:00,31820.0,2274.0,29081.0,11518.0,2428.0,3179.0,19516.0,11316.0,4443.0,2342.0,2180.0,641.0,4652.0,2238.0,2806.0,2538.0,132972
2022-02-06 00:00:00+00:00,20198.0,908.0,20875.0,5690.0,669.0,1069.0,12352.0,8023.0,2165.0,1243.0,2049.0,664.0,2253.0,975.0,1445.0,2075.0,82653
2022-02-07 00:00:00+00:00,44083.0,1110.0,29637.0,12626.0,10849.0,6297.0,23358.0,15885.0,9388.0,3425.0,4850.0,2164.0,6689.0,1867.0,1835.0,3896.0,177959
2022-02-08 00:00:00+00:00,53779.0,3040.0,43868.0,22462.0,12022.0,10145.0,34460.0,19940.0,9938.0,5073.0,5297.0,1445.0,12755.0,3983.0,4928.0,7345.0,250480
2022-02-09 00:00:00+00:00,54593.0,2900.0,46886.0,20090.0,11236.0,9430.0,34509.0,20868.0,9585.0,4256.0,4653.0,1434.0,10534.0,4371.0,4761.0,7077.0,247183
2022-02-10 00:00:00+00:00,50025.0,2559.0,44949.0,19220.0,8746.0,9563.0,33861.0,17069.0,9116.0,3967.0,5032.0,1251.0,8799.0,4357.0,3642.0,7323.0,229479
2022-02-11 00:00:00+00:00,47726.0,2362.0,39144.0,15198.0,7320.0,7576.0,33702.0,15112.0,7123.0,3238.0,3753.0,1111.0,8332.0,3333.0,3513.0,7301.0,205844
2022-02-12 00:00:00+00:00,29497.0,2066.0,26975.0,9855.0,1307.0,3319.0,20490.0,7289.0,3661.0,1935.0,1210.0,511.0,5417.0,2589.0,2321.0,3408.0,121850
2022-02-13 00:00:00+00:00,16186.0,1035.0,19044.0,5071.0,447.0,1073.0,14685.0,4287.0,1896.0,1220.0,1609.0,632.0,2547.0,1041.0,1308.0,1810.0,73891
2022-02-14 00:00:00+00:00,35089.0,981.0,27806.0,9460.0,9215.0,6152.0,24758.0,11535.0,8197.0,3281.0,3898.0,927.0,8591.0,2159.0,2111.0,4019.0,158179
2022-02-15 00:00:00+00:00,46572.0,2736.0,42034.0,19731.0,9856.0,9450.0,35087.0,15352.0,9991.0,4640.0,3952.0,1099.0,11796.0,4434.0,5471.0,6414.0,228615
2022-02-16 00:00:00+00:00,44830.0,2733.0,49377.0,22552.0,7473.0,9113.0,35422.0,15328.0,9089.0,4131.0,3155.0,1016.0,9863.0,4500.0,4077.0,7034.0,229693
2022-02-17 00:00:00+00:00,39900.0,2325.0,50215.0,17028.0,6943.0,8164.0,33493.0,13681.0,9164.0,3956.0,3214.0,738.0,8617.0,4810.0,4049.0,6383.0,212680
2022-02-18 00:00:00+00:00,34512.0,2129.0,35694.0,14762.0,7070.0,6585.0,28750.0,11586.0,7562.0,3607.0,2726.0,1057.0,8515.0,3612.0,3780.0,6047.0,177994
2022-02-19 00:00:00+00:00,25627.0,1843.0,28445.0,10353.0,2009.0,2868.0,19409.0,6834.0,3685.0,2279.0,1209.0,554.0,5220.0,2935.0,2449.0,3392.0,119111
2022-02-20 00:00:00+00:00,10892.0,770.0,18712.0,4635.0,386.0,754.0,12754.0,4257.0,1442.0,1200.0,959.0,404.0,2639.0,1307.0,931.0,1873.0,63915
2022-02-21 00:00:00+00:00,27098.0,946.0,26403.0,10784.0,8798.0,5402.0,21197.0,7312.0,8026.0,3682.0,2270.0,691.0,7709.0,2696.0,1923.0,4273.0,139210
2022-02-22 00:00:00+00:00,39975.0,2403.0,44134.0,21113.0,8570.0,8268.0,33337.0,13179.0,9006.0,5725.0,2587.0,733.0,10794.0,5378.0,5737.0,7204.0,218143
2022-02-23 00:00:00+00:00,39580.0,1874.0,43982.0,19203.0,8537.0,7056.0,30590.0,10573.0,7497.0,4830.0,2570.0,1232.0,11559.0,5304.0,5037.0,8533.0,207957
2022-02-24 00:00:00+00:00,33842.0,2567.0,36789.0,17498.0,7880.0,7726.0,29903.0,11671.0,7665.0,4637.0,1734.0,960.0,9373.0,5275.0,4293.0,7944.0,189757
2022-02-25 00:00:00+00:00,31108.0,1857.0,36163.0,15354.0,6502.0,6156.0,26691.0,10470.0,6822.0,4075.0,1694.0,736.0,7735.0,4455.0,3703.0,7728.0,171249
2022-02-26 00:00:00+00:00,20440.0,1633.0,29173.0,10257.0,1212.0,2431.0,16088.0,5580.0,3419.0,1560.0,1169.0,321.0,5117.0,3677.0,3119.0,3204.0,108400
2022-02-27 00:00:00+00:00,9464.0,678.0,16151.0,3569.0,411.0,533.0,11103.0,2866.0,1289.0,721.0,1001.0,353.0,2228.0,1244.0,1320.0,2357.0,55288
2022-02-28 00:00:00+00:00,21061.0,1006.0,24092.0,11208.0,6726.0,5133.0,20205.0,7223.0,6546.0,5247.0,1811.0,542.0,8056.0,2878.0,2019.0,4130.0,127883
2022-03-01 00:00:00+00:00,33273.0,2446.0,32526.0,19909.0,6694.0,8731.0,28820.0,9786.0,9114.0,6225.0,2707.0,913.0,13440.0,5402.0,6523.0,6576.0,193085
2022-03-02 00:00:00+00:00,37297.0,2366.0,41159.0,19788.0,6834.0,7681.0,30434.0,10818.0,8567.0,5674.0,2322.0,1054.0,11690.0,5445.0,5536.0,7536.0,204201
2022-03-03 00:00:00+00:00,46652.0,2791.0,37846.0,19178.0,6418.0,6847.0,31912.0,11713.0,10358.0,4731.0,2468.0,818.0,9902.0,6285.0,5110.0,7314.0,210343
2022-03-04 00:00:00+00:00,39106.0,2544.0,33145.0,17829.0,5455.0,5857.0,30360.0,10878.0,10051.0,4802.0,2133.0,723.0,8817.0,5247.0,4902.0,6639.0,188488
2022-03-05 00:00:00+00:00,23814.0,2066.0,25863.0,11066.0,1449.0,2964.0,21529.0,7102.0,4280.0,1619.0,1251.0,484.0,6220.0,4394.0,3046.0,3718.0,120865
2022-03-06 00:00:00+00:00,23745.0,1045.0,18295.0,5101.0,300.0,645.0,13442.0,3447.0,1928.0,622.0,1600.0,384.0,2192.0,1924.0,1325.0,2872.0,78867
2022-03-07 00:00:00+00:00,33522.0,1588.0,27899.0,12375.0,5481.0,5138.0,25859.0,9018.0,10630.0,6621.0,2288.0,549.0,9385.0,4903.0,2847.0,5154.0,163257
2022-03-08 00:00:00+00:00,47061.0,3238.0,47185.0,21769.0,396.0,8627.0,40026.0,12251.0,12218.0,6892.0,2875.0,1080.0,17115.0,7107.0,7770.0,7071.0,242681
2022-03-09 00:00:00+00:00,47576.0,3259.0,49699.0,24136.0,8474.0,7772.0,40707.0,13290.0,11435.0,7138.0,3257.0,1438.0,15673.0,8383.0,6971.0,8512.0,257720
2022-03-10 00:00:00+00:00,48696.0,3542.0,50078.0,24797.0,6935.0,7403.0,39458.0,12385.0,10724.0,6839.0,3092.0,1193.0,14344.0,8011.0,6127.0,7870.0,251494
2022-03-11 00:00:00+00:00,43563.0,2979.0,45054.0,22811.0,7355.0,7026.0,38230.0,13750.0,10038.0,6979.0,3053.0,1165.0,13432.0,7149.0,5977.0,7257.0,235818
2022-03-12 00:00:00+00:00,28640.0,2711.0,36020.0,15245.0,1351.0,3513.0,24238.0,7691.0,4649.0,3806.0,1690.0,434.0,9318.0,4858.0,4008.0,5154.0,153326
2022-03-13 00:00:00+00:00,16567.0,1623.0,23006.0,6618.0,355.0,686.0,15784.0,4184.0,2827.0,2490.0,1746.0,320.0,3904.0,2686.0,1877.0,3015.0,87688
2022-03-14 00:00:00+00:00,39497.0,2050.0,34358.0,16006.0,9680.0,6032.0,29426.0,12305.0,11873.0,7005.0,3831.0,1831.0,15017.0,6137.0,4008.0,6005.0,205061
2022-03-15 00:00:00+00:00,52398.0,4361.0,49656.0,27736.0,8726.0,8797.0,42200.0,13783.0,12965.0,9348.0,3887.0,1612.0,19994.0,7985.0,8817.0,7965.0,280230
2022-03-16 00:00:00+00:00,53326.0,4330.0,58723.0,30493.0,9167.0,8847.0,41828.0,17025.0,14368.0,8490.0,4356.0,1824.0,20184.0,8989.0,8298.0,9226.0,299474
2022-03-17 00:00:00+00:00,49822.0,3959.0,54399.0,28572.0,7054.0,7952.0,41375.0,16223.0,13386.0,8073.0,4250.0,1621.0,19813.0,8397.0,7729.0,9144.0,281769
2022-03-18 00:00:00+00:00,38643.0,3326.0,45522.0,24157.0,5501.0,5858.0,37639.0,14238.0,10266.0,7185.0,3188.0,1203.0,14830.0,7169.0,6213.0,7068.0,232006
2022-03-19 00:00:00+00:00,18545.0,2734.0,29560.0,14586.0,413.0,1291.0,19613.0,6608.0,3591.0,3660.0,1465.0,857.0,7402.0,4519.0,4083.0,4097.0,123024
2022-03-20 00:00:00+00:00,14182.0,1356.0,19192.0,4937.0,213.0,407.0,12028.0,4606.0,1186.0,2717.0,1130.0,806.0,3035.0,3672.0,1025.0,2736.0,73228
2022-03-21 00:00:00+00:00,26811.0,2183.0,30047.0,14427.0,5433.0,5523.0,21945.0,13310.0,8209.0,5646.0,27.0,1237.0,3214.0,5883.0,3441.0,3693.0,151029
